SGI,Rec No.,Gain,No. Avgs,No. Arts,Time,Chan,Sub. ID,Sub. Ref-1,Sub. Ref-2,Sub. Memo,,Freq(Hz),Level(dB),Atten-A(dB),Phase(deg),Duration(ms),GateTime(ms),..........(),..........(),..........(),..........(),,T1(ms),V1(nv),T2(ms),V2(nv),T3(ms),V3(nv),T4(ms),V4(nv),T5(ms),V5(nv),T6(ms),V6(nv),T7(ms),V7(nv),T8(ms),V8(nv),T9(ms),V9(nv),T10(ms),V10(nv),,Samp. Per.,No. Samps.,O.S. Time,Data(nv)...,0,1,2,3,4,5,6,7,8,9,10,11,12,13,14,15,16,17,18,19,20,21,22,23,24,25,26,27,28,29,30,31,32,33,34,35,36,37,38,39,40,41,42,43,44,45,46,47,48,49,50,51,52,53,54,55,56,57,58,59,60,61,62,63,64,65,66,67,68,69,70,71,72,73,74,75,76,77,78,79,80,81,82,83,84,85,86,87,88,89,90,91,92,93,94,95,96,97,98,99,100,101,102,103,104,105,106,107,108,109,110,111,112,113,114,115,116,117,118,119,120,121,122,123,124,125,126,127,128,129,130,131,132,133,134,135,136,137,138,139,140,141,142,143,144,145,146,147,148,149,150,151,152,153,154,155,156,157,158,159,160,161,162,163,164,165,166,167,168,169,170,171,172,173,174,175,176,177,178,179,180,181,182,183,184,185,186,187,188,189,190,191,192,193,194,195,196,197,198,199,200,201,202,203,204,205,206,207,208,209,210,211,212,213,214,215,216,217,218,219,220,221,222,223,224,225,226,227,228,229,230,231,232,233,234,235,236,237,238,239,240,241,242,243,244,245,246,247,248,249,250,251,252,253,254,255,256,257,258,259,260,261,262,263,264,265,266,267,268,269,270,271,272,273,274,275,276,277,278,279,280,281,282,283,284,285,286,287,288,289,290,291,292,293,294,295,296,297,298,299,300,301,302,303,304,305,306,307,308,309,310,311,312,313,314,315,316,317,318,319,320,321,322,323,324,325,326,327,328,329,330,331,332,333,334,335,336,337,338,339,340,341,342,343,344,345,346,347,348,349,350,351,352,353,354,355,356,357,358,359,360,361,362,363,364,365, 
19,18,1,512,0,1668437963,1,C57_Cage10_FA,tone,50 dB BBN,left,,12000,90,0,90,5,0.5,0,0,0,0,,1.314,407.094,1.725,-360.503,1.971,-33.913,2.218,-929.816,3.286,872.344,3.655,16.063,3.82,-88.338,4.025,-255.839,-1,0,-1,0,,40.96,366,0,,-25.047,-24.895,-22.641,-18.614,-14.172,-11.264,-11.624,-15.903,-23.125,-30.776,-35.558,-34.456,-25.633,-8.782,15.053,43.86,74.979,105.322,131.693,151.359,162.807,166.378,164.451,161.07,161.137,169.437,189.637,223.258,268.643,320.178,368.348,401.175,407.094,378.432,314.077,220.034,107.53,-10.422,-122.257,-219.351,-295.352,-344.444,-360.503,-338.724,-279.71,-193.994,-103.905,-40.288,-33.913,-104.293,-250.545,-448.695,-657.368,-830.142,-929.816,-938.923,-862.68,-724.074,-554.242,-382.766,-231.443,-112.544,-30.126,17.854,38.079,40.999,39.502,46.389,71.04,116.771,180.479,255.023,333.223,411.264,489.574,570.685,655.367,739.318,812.4,860.986,872.344,839.07,761.743,648.995,515.301,377.452,250.809,146.261,68.522,16.063,-17.442,-40.713,-62.273,-88.338,-121.52,-160.458,-200.351,-234.378,-255.839,-260.517,-248.499,-224.646,-197.331,-175.784,-167.004,-173.48,-192.605,-217.994,-242.126,-259.173,-266.825,-266.402,-261.346,-255.028,-249.08,-243.077,-235.48,-225.008,-211.4,-195.091,-176.135,-153.242,-123.754,-84.807,-35.217,22.861,83.398,137.488,175.566,189.946,176.735,136.535,74.02,-3.076,-85.014,-160.995,-220.287,-253.827,-256.207,-227.385,-173.232,-104.45,-34.064,25.621,65.642,81.917,75.529,51.891,19.06,-14.352,-41.111,-56.56,-58.771,-47.858,-24.965,8.494,51.13,101.496,157.861,217.981,278.874,336.662,386.654,423.965,444.705,447.351,433.59,407.975,376.359,343.724,312.461,281.982,249.823,213.636,173.004,130.116,89.007,53.818,27.042,8.656,-3.477,-12.267,-19.939,-27.257,-33.784,-38.9,-42.937,-47.788,-56.706,-73.399,-100.76,-139.681,-188.346,-242.321,-295.537,-341.957,-377.349,-400.439,-412.887,-418.068,-419.193,-417.677,-412.51,-400.925,-380.053,-348.832,-309.278,-266.482,-227.16,-197.247,-179.494,-172.138,-169.342,-163.332,-147.403,-118.498,-78.241,-31.963,13.809,54.228,88.037,117.72,147.917,182.956,224.654,271.346,318.466,360.281,391.904,410.701,416.6,411.394,397.54,377.084,351.124,319.922,283.459,242.125,197.234,151.183,107.194,68.742,38.834,19.326,10.395,10.275,15.422,21.222,23.231,18.58,6.924,-9.574,-27.274,-42.595,-53.287,-58.894,-60.342,-59.091,-56.424,-53.251,-50.386,-48.881,-50.003,-54.705,-62.959,-73.509,-84.371,-93.849,-101.392,-107.678,-113.88,-120.665,-127.698,-134.001,-138.876,-142.657,-146.677,-152.379,-160.101,-168.319,-173.863,-173.103,-163.528,-144.945,-119.658,-91.508,-64.232,-39.989,-18.843,0.585,19.74,38.922,56.954,71.822,81.774,86.198,85.886,82.734,79.158,77.476,79.337,85.239,94.239,104.021,111.45,113.526,108.469,96.482,79.848,62.214,47.334,37.744,33.98,34.637,37.196,39.159,38.957,36.278,31.82,26.702,21.909,18.004,15.18,13.542,13.368,15.128,19.144,25.035,31.27,35.216,33.86,24.989,8.359,-13.764,-37.052,-56.509,-68.329,-71.462,-68.142,-62.998,-61,-65.131,-74.92,-86.607,-94.879,-95.3,-86.214,-69.293,-48.643,-29.048,-14.151,-5.214,-0.749,2.921,10.297,24.804,46.892,72.837,95.043,104.317,93.877,63.614,21.942,-17.498,-44.352,-58.44, 
20,19,1,512,0,1668437988,1,C57_Cage10_FA,tone,50 dB BBN,left,,12000,80,10,90,5,0.5,0,0,0,0,,1.479,389.103,1.889,-441.547,2.177,195.044,2.505,-651.816,3.121,488.781,3.943,12.5,4.148,47,4.6,-271.24,-1,0,-1,0,,40.96,366,0,,-15.661,-24.131,-34.352,-46.125,-58.393,-69.027,-75.406,-75.562,-69.179,-57.845,-44.445,-32.046,-22.835,-17.479,-15.051,-13.475,-10.341,-3.844,6.474,19.526,33.177,45.242,54.479,61.082,66.468,72.599,81.289,93.893,111.426,134.875,165.294,203.367,248.419,297.222,343.301,377.364,389.103,369.898,315.473,227.462,113.316,-15.318,-144.994,-262.682,-357.117,-419.134,-441.547,-419.463,-351.767,-243.711,-109.396,27.812,138.628,195.044,179.183,90.055,-55.241,-226.918,-392.241,-525.233,-612.249,-651.816,-650.248,-616.219,-557.148,-478.33,-383.96,-278.422,-166.716,-53.903,55.785,159.382,254.777,339.646,410.408,461.977,488.781,486.873,456.333,402.83,337.421,274.339,227.362,205.966,212.579,241.895,282.467,319.995,341.267,337.563,306.699,253.272,187.166,120.714,65.32,28.536,12.5,14.078,26.4,40.999,49.862,47,29.499,-2.019,-43.675,-89.547,-133.57,-171.462,-201.761,-225.467,-244.516,-260.02,-271.24,-275.768,-270.644,-253.686,-224.379,-184.107,-135.931,-84.248,-34.426,7.774,37.165,50.425,47.197,30.39,5.421,-21.386,-44.62,-61.183,-70.849,-75.897,-80.02,-86.955,-99.37,-118.369,-143.645,-173.93,-207.302,-241.098,-271.601,-293.909,-302.374,-291.665,-258.135,-200.986,-122.85,-29.623,70.367,167.607,252.786,318.081,358.159,370.856,357.472,322.628,273.549,218.725,166.125,121.451,87.11,62.419,44.98,32.601,24.745,22.767,28.858,44.324,68.158,96.723,124.744,147.218,161.36,167.641,169.391,171.115,176.343,186.027,198.181,208.766,213.268,208.217,192.063,165.278,129.894,88.872,45.651,3.939,-32.432,-59.961,-76.424,-82.042,-80.163,-76.77,-78.67,-91.031,-115.424,-149.34,-187.396,-223.571,-253.397,-275.169,-289.813,-299.742,-307.383,-314.088,-319.764,-323.171,-322.572,-316.422,-303.883,-285.068,-260.946,-232.97,-202.604,-170.96,-138.701,-106.166,-73.602,-41.38,-10.135,19.219,45.685,68.571,87.913,104.692,120.61,137.469,156.391,177.269,198.717,218.553,234.556,245.174,249.863,249.016,243.629,234.974,224.45,213.585,203.947,196.804,192.606,190.587,188.834,184.871,176.524,162.665,143.518,120.47,95.509,70.496,46.564,23.848,1.725,-20.516,-42.905,-64.323,-82.639,-95.41,-100.885,-98.894,-91.299,-81.78,-74.922,-74.771,-83.306,-99.482,-119.365,-137.496,-149.008,-151.562,-146.183,-136.589,-127.393,-122.116,-121.979,-125.818,-130.852,-133.677,-131.081,-120.677,-101.556,-74.962,-44.592,-16.022,4.958,14.587,12.943,4.266,-4.577,-6.954,0.678,17.308,38.055,56.606,68.13,71.173,67.652,61.197,54.938,50.068,45.892,41.15,35.64,31.004,30.128,35.474,47.331,63.075,77.944,86.946,86.936,77.843,62.534,45.547,31.402,23.183,21.79,25.856,32.178,36.578,35.146,25.67,8.763,-11.982,-31.135,-43.57,-46.609,-41.1,-30.878,-20.918,-15.163,-15.04,-19.259,-24.796,-28.447,-28.216,-23.984,-17.323,-10.696,-6.448,-5.998,-9.465,-15.761,-23.043,-29.34,-33.171,-33.948,-32.025,-28.373,-23.998,-19.386,-14.241,-7.693,1.094,12.176,24.296,34.882,40.755,39.465,30.82,17.68,4.962,-3.407,-7.152, 
21,20,1,512,0,1668438013,1,C57_Cage10_FA,tone,50 dB BBN,left,,12000,70,20,90,5,0.5,0,0,0,0,,1.684,180.409,2.095,-397.033,2.464,379.382,2.793,-431.039,3.45,250.512,3.82,-46.428,4.436,198.243,5.093,-300.861,-1,0,-1,0,,40.96,366,0,,-34.855,-40.904,-42.625,-38.875,-30.347,-19.498,-9.857,-4.929,-6.991,-16.149,-29.985,-44.017,-52.966,-52.481,-40.732,-19.151,8.073,35.594,58.868,75.565,85.879,91.809,95.993,100.673,107.026,114.764,121.923,125.06,120.165,104.266,77.144,42.291,6.45,-22.202,-36.471,-32.194,-9.224,28.737,75.084,121.535,159.343,180.409,178.357,149.522,93.751,14.805,-79.794,-179.538,-272.264,-345.819,-389.802,-397.033,-364.512,-293.747,-190.564,-64.659,70.854,200.016,305.171,369.271,379.382,330.552,228.42,89.02,-64.713,-208.698,-323.546,-398.303,-431.039,-426.774,-394.22,-342.836,-280.952,-214.938,-149.038,-85.619,-25.697,30.332,82.045,128.693,169.304,202.911,228.56,245.017,250.512,242.997,221.091,185.318,138.883,87.429,37.787,-3.693,-32.481,-46.428,-45.582,-31.647,-7.457,23.402,56.974,89.48,118.014,141.086,158.698,171.871,181.87,189.553,195.099,198.157,198.243,195.171,189.272,181.208,171.282,158.528,140.187,112.224,71.025,15.613,-50.854,-121.326,-186.948,-240.002,-276.234,-295.52,-300.861,-296.572,-286.691,-274.152,-260.647,-246.786,-232.275,-216.104,-196.849,-173.163,-144.348,-110.846,-74.436,-38.016,-4.941,21.933,41.113,52.814,58.52,59.918,57.754,51.249,38.479,17.612,-11.577,-46.677,-82.692,-113.251,-132.541,-137.167,-127.173,-105.816,-78.218,-49.495,-23.176,-0.507,19.212,37.629,56.306,76.154,97.452,120.205,144.384,169.802,195.646,220.034,240.059,252.511,255.053,247.241,230.779,208.794,184.546,160.293,136.94,114.534,93.178,73.687,57.547,46.219,40.241,38.735,39.666,40.688,40.082,37.222,32.406,26.308,19.464,11.996,3.497,-7.089,-21.526,-41.968,-70.098,-105.96,-147.156,-189.059,-226.146,-253.852,-269.97,-274.895,-270.711,-259.774,-243.692,-223.192,-198.765,-171.437,-143.014,-115.559,-90.462,-67.809,-46.546,-25.431,-4.158,16.095,33.073,44.598,49.812,49.808,47.341,45.77,47.768,54.374,64.731,76.551,87.042,93.958,96.42,95.214,92.418,90.4,90.57,92.473,93.828,91.682,84.151,71.763,57.459,45.073,37.089,33.034,29.607,22.662,9.981,-6.78,-22.276,-29.865,-25.003,-7.774,16.844,41.095,57.753,62.873,56.741,42.86,25.801,9.167,-5.443,-18.224,-30.149,-41.83,-52.869,-61.903,-67.164,-67.151,-61.061,-48.901,-31.424,-10.077,12.971,34.872,52.374,62.4,62.806,53.023,34.324,9.597,-17.301,-42.331,-61.99,-73.801,-76.608,-70.683,-57.688,-40.447,-22.521,-7.59,1.313,2.621,-3.202,-13.677,-25.114,-33.996,-38.289,-38.006,-34.701,-30.254,-25.682,-20.692,-14.177,-5.238,5.946,17.971,28.817,36.771,41.091,42.098,40.811,38.463,36.179,34.824,34.885,36.288,38.248,39.358,38.011,33.062,24.424,13.28,1.766,-7.741,-13.405,-14.46,-11.339,-5.489,0.981,5.7,6.526,2.105,-7.621,-21.237,-36.214,-49.726,-59.518,-64.37,-63.956,-58.307,-47.386,-31.136,-10.04,14.216,38.489,58.679,70.928,72.993,65.119,49.927,31.362,13.24,-1.861,-12.894,-19.896,-23.264,-23.33,-20.445,-15.354,-9.391,-4.177,-0.914,0.201,-0.114, 
22,21,1,512,0,1668438037,1,C57_Cage10_FA,tone,50 dB BBN,left,,12000,60,30,90,5,0.5,0,0,0,0,,-1,0,-1,0,-1,0,-1,0,-1,0,-1,0,-1,0,-1,0,-1,0,-1,0,,40.96,366,0,,-66.537,-68.702,-59.821,-43.049,-24.175,-8.684,0.42,3.059,1.14,-2.769,-6.302,-7.565,-5.142,1.754,12.946,27.035,41.522,53.39,59.951,59.672,52.727,41.121,28.295,18.216,14.123,17.336,26.675,38.828,49.615,55.585,55.201,49.088,39.385,28.676,19.102,11.94,7.577,5.635,5.081,4.451,2.287,-2.237,-8.794,-15.876,-21.377,-23.619,-22.327,-19.084,-17.003,-19.676,-29.791,-47.914,-71.95,-97.579,-119.579,-133.576,-137.461,-131.826,-119.199,-102.483,-83.38,-61.63,-35.439,-2.888,36.373,79.946,122.628,157.63,178.674,182.187,168.64,142.361,109.815,77.108,47.941,23.017,1.109,-19.038,-37.216,-51.608,-59.912,-60.875,-55.183,-45.228,-34.027,-24.036,-16.524,-11.7,-9.303,-9.172,-11.438,-16.303,-23.633,-32.648,-41.89,-49.504,-53.749,-53.562,-48.98,-41.263,-32.634,-25.623,-22.155,-22.645,-25.499,-27.364,-24.205,-12.867,7.525,34.995,65.25,93.106,114.165,126.037,128.65,123.677,113.498,100.31,85.767,71.126,57.537,46.042,37.168,30.404,24.045,15.719,3.476,-13.124,-32.527,-51.647,-67.065,-76.386,-79.091,-76.555,-71.363,-66.364,-63.894,-65.343,-70.938,-79.613,-88.992,-95.773,-96.694,-89.89,-75.942,-57.914,-40.095,-26.051,-17.002,-11.44,-6.11,2.227,15.186,32.045,50.136,66.076,77.214,82.647,83.411,81.861,80.596,81.444,84.825,89.625,93.568,94.001,88.913,77.827,62.127,44.524,27.819,13.582,1.493,-10.223,-23.5,-39.043,-55.655,-70.649,-81.054,-84.936,-82.148,-74.254,-63.784,-53.293,-44.633,-38.64,-35.186,-33.499,-32.632,-31.977,-31.622,-32.31,-34.92,-39.689,-45.692,-50.966,-53.333,-51.462,-45.557,-37.203,-28.447,-20.606,-13.421,-5.005,7.373,25.97,51.236,81.041,110.861,134.965,148.201,147.701,133.819,109.935,81.254,53.117,29.525,12.424,1.898,-3.041,-3.663,-1.2,2.973,7.044,8.882,6.715,0.019,-9.992,-20.71,-29.212,-33.529,-33.416,-30.236,-26.069,-22.611,-20.507,-19.435,-18.763,-18.273,-18.432,-20.061,-23.669,-28.875,-34.31,-38.037,-38.3,-34.249,-26.294,-15.958,-5.268,4.003,10.911,15.432,18.034,18.997,17.894,13.629,5.133,-7.611,-22.845,-37.192,-46.829,-49.174,-44.177,-34.439,-23.974,-16.254,-12.568,-11.614,-10.52,-6.677,0.697,10.091,18.522,23.116,22.605,18.093,12.794,10.874,15.811,28.841,48.128,69.062,85.675,92.642,87.119,69.682,44.072,15.882,-9.271,-27.406,-37.087,-39.313,-36.558,-31.509,-26.121,-21.38,-17.68,-15.384,-15.098,-17.509,-22.956,-31.074,-40.74,-50.305,-57.929,-61.841,-60.49,-52.731,-38.197,-17.777,6.114,29.87,49.672,62.716,68.069,66.724,60.942,53.294,45.897,40.035,36.096,33.694,31.889,29.51,25.573,19.637,11.93,3.204,-5.6,-13.639,-20.251,-24.876,-26.978,-26.162,-22.488,-16.763,-10.525,-5.621,-3.534,-4.802,-8.835,-14.227,-19.423,-23.428,-26.213,-28.56,-31.385,-34.869,-37.947,-38.561,-34.634,-25.239,-11.248,4.954,20.481,33.034,41.382,45.106,44.027,37.986,27.289,13.368,-1.288,-14.529,-26.082, 
23,22,1,512,0,1668438062,1,C57_Cage10_FA,tone,50 dB BBN,left,,12000,50,40,90,5,0.5,0,0,0,0,,-1,0,-1,0,-1,0,-1,0,-1,0,-1,0,-1,0,-1,0,-1,0,-1,0,,40.96,366,0,,11.924,12.5,11.431,7.015,-2.606,-18.653,-40.737,-66.315,-91.107,-110.485,-121.207,-122.575,-116.365,-105.589,-92.83,-79.123,-63.941,-46.147,-25.225,-2.084,20.969,40.974,55.428,63.278,65.433,64.542,64.031,66.713,73.511,82.902,91.421,95.086,91.181,79.547,62.764,45.03,30.237,20.148,13.654,7.585,-1.26,-13.907,-28.021,-38.517,-39.794,-28.56,-5.865,22.761,49.219,65.981,69.004,59.081,41.056,21.412,5.435,-4.747,-10.517,-15.588,-23.995,-38.136,-57.606,-79.154,-97.724,-108.185,-107.137,-94.098,-71.644,-44.451,-17.741,4.222,19,26.069,26.336,21.477,13.417,4.031,-5.007,-12.371,-17.273,-19.634,-20.088,-19.746,-19.761,-20.884,-23.206,-26.212,-29.093,-31.108,-31.817,-31.038,-28.628,-24.243,-17.281,-7.082,6.66,23.458,41.768,59.141,72.889,81.107,83.58,81.977,79.055,77.164,76.909,76.816,74.273,67.183,55.301,40.431,25.402,12.557,2.71,-4.818,-11.288,-17.49,-23.28,-27.913,-30.795,-32.039,-32.445,-32.962,-34.022,-35.16,-35.144,-32.568,-26.625,-17.703,-7.515,1.363,6.388,6.061,0.588,-8.118,-17.181,-23.984,-27.326,-27.967,-28.224,-30.778,-37.269,-47.373,-58.812,-68.225,-72.477,-69.828,-60.573,-46.999,-32.66,-21.162,-14.75,-13.218,-13.746,-11.967,-4.012,11.413,32.048,52.828,68.078,74.031,70.401,60.277,48.52,39.558,35.67,36.517,39.97,43.646,46.234,47.885,49.555,51.87,54.324,55.396,53.459,47.836,39.257,29.474,20.34,12.98,7.491,3.213,-0.73,-5.019,-10.049,-16.12,-23.643,-33.068,-44.483,-57.101,-69.062,-77.827,-81.107,-77.88,-68.984,-56.947,-45.131,-36.555,-32.887,-33.954,-37.851,-41.538,-41.682,-35.582,-22.014,-1.836,21.939,44.855,62.433,71.81,72.806,67.834,60.664,54.683,51.54,50.725,50.056,46.651,37.952,22.583,0.986,-24.281,-48.858,-67.665,-76.596,-74.166,-62.302,-45.731,-30.121,-19.792,-16.094,-17.216,-19.447,-19.156,-14.446,-5.716,4.932,14.918,22.283,26.188,26.806,24.95,21.747,18.475,16.408,16.567,19.365,24.319,30.001,34.317,35.063,30.581,20.299,4.988,-13.323,-31.687,-46.756,-55.404,-55.467,-46.493,-30.206,-10.336,8.372,21.665,27.162,24.977,17.342,7.545,-1.249,-6.82,-8.2,-5.578,0.032,7.214,14.565,20.993,25.786,28.479,28.67,25.997,20.362,12.294,3.16,-4.99,-9.979,-10.25,-5.454,3.408,14.327,24.947,33.223,37.851,38.353,34.9,27.989,18.145,5.785,-8.659,-24.398,-39.939,-53.043,-61.16,-62.246,-55.619,-42.429,-25.521,-8.733,4.135,10.311,8.725,0.198,-12.887,-27.286,-39.797,-48.095,-51.221,-49.527,-44.109,-36.041,-25.86,-13.597,0.709,16.387,31.83,44.75,52.865,54.714,50.207,40.681,28.475,16.231,6.203,-0.197,-2.538,-1.257,2.569,7.521,12.177,15.504,17.182,17.665,17.799,18.14,18.358,17.231,13.381,6.386,-2.484,-10.528,-14.882,-14.117,-9.21,-3.254,0.004,-1.936,-9,-18.483,-26.324,-29.079,-25.552,-17.195,-7.018,2.319,9.944,16.646,23.503, 
24,23,1,512,0,1668438087,1,C57_Cage10_FA,tone,50 dB BBN,left,,12000,40,50,90,5,0.5,0,0,0,0,,-1,0,-1,0,-1,0,-1,0,-1,0,-1,0,-1,0,-1,0,-1,0,-1,0,,40.96,366,0,,-2.267,-1.695,0.77,2.908,2.159,-3.069,-12.639,-24.814,-37.07,-47.082,-53.386,-55.524,-53.792,-48.887,-41.754,-33.658,-26.305,-21.674,-21.424,-26.039,-34.215,-42.996,-48.834,-49.157,-43.58,-33.999,-23.466,-14.503,-7.854,-2.361,4.11,13.34,25.797,40.427,55.119,67.422,75.177,76.955,72.402,62.531,49.774,37.485,28.868,25.761,27.933,33.354,39.233,43.173,43.799,40.71,34.092,24.502,13.028,1.544,-7.394,-11.303,-8.9,-0.972,9.684,19.342,24.944,25.302,21.269,14.876,8.087,1.961,-3.363,-8.08,-12.176,-15.427,-17.931,-20.619,-25.153,-33.065,-44.63,-58.247,-70.822,-79.029,-80.765,-76.038,-66.869,-56.395,-47.713,-43.049,-43.434,-48.69,-57.436,-67.052,-73.835,-73.689,-63.371,-41.887,-11.395,22.987,54.534,77.005,86.65,83.373,70.622,54.146,40.067,32.953,34.484,43.135,54.97,65.252,70.228,68.363,60.53,49.145,36.767,24.918,13.747,2.632,-8.742,-19.575,-27.961,-31.722,-29.566,-21.956,-11.247,-1.066,4.856,4.045,-3.623,-15.553,-27.101,-33.202,-30.365,-18.129,0.696,21.13,37.888,47.158,47.602,40.334,28.105,14.143,1.107,-9.53,-17.576,-23.744,-29.026,-34.062,-38.749,-42.242,-43.366,-41.243,-35.843,-28.154,-19.869,-12.739,-7.94,-5.727,-5.483,-6.008,-5.882,-3.782,1.219,9.341,19.782,30.572,38.808,41.439,36.481,24.218,7.685,-8.079,-17.894,-18.609,-10.471,3.007,16.576,25.348,26.5,19.986,8.204,-5.079,-16.082,-22.243,-22.936,-19.416,-13.989,-8.761,-4.622,-1.042,3.158,8.571,14.298,18.037,17.181,10.291,-1.947,-16.838,-30.796,-40.787,-45.3,-44.42,-39.179,-30.769,-20.139,-8.128,4.174,15.252,23.371,27.053,25.541,19.092,9.075,-2.062,-11.076,-14.604,-10.272,2.148,20.128,38.855,52.728,57.306,50.81,34.568,12.365,-10.831,-30.119,-41.541,-42.606,-32.696,-13.444,11.161,35.384,53.234,60.452,56.167,43.348,27.684,15.292,10.245,13.036,20.713,28.563,32.445,30.534,23.596,13.845,3.244,-7.627,-19.512,-33.427,-49.414,-65.943,-80.319,-89.829,-92.962,-90.007,-82.701,-73.132,-62.549,-50.805,-36.817,-19.786,-0.42,18.682,33.838,41.92,41.908,35.429,25.955,17.129,11.254,8.779,8.925,10.779,13.933,18.234,22.983,26.428,26.142,20.187,8.35,-7.365,-23.324,-35.629,-41.504,-40.063,-32.216,-19.992,-5.797,8.046,19.497,26.972,29.71,28.227,24.508,21.583,22.45,28.7,39.515,51.656,60.624,62.557,55.947,42.315,25.526,10.21,0.115,-2.886,1.061,10.184,21.636,31.987,37.728,35.948,25.149,5.948,-18.773,-44.499,-66.417,-80.943,-86.736,-84.721,-77.148,-66.278,-53.501,-39.391,-24.511,-10.276,0.914,6.508,5.18,-2.144,-12.295,-21.053,-24.952,-22.764,-15.901,-7.493,-0.655,3.129,4.617,6.066,9.585,15.578,22.279,26.727,26.642,22.05,15.588,11.22,12.062,18.56,28.046,35.943,37.955,32.165,20.057,6.029,-4.386,-6.924,-0.704,10.854,20.989,22.533,11.795,-8.748,-31.487,-49.117,-60.06, 
25,24,1,512,0,1668438112,1,C57_Cage10_FA,tone,50 dB BBN,left,,12000,30,60,90,5,0.5,0,0,0,0,,-1,0,-1,0,-1,0,-1,0,-1,0,-1,0,-1,0,-1,0,-1,0,-1,0,,40.96,366,0,,-23.534,-38.765,-49.496,-53.364,-49.996,-40.748,-27.881,-13.635,0.436,13.646,25.897,37.158,47.031,54.714,59.345,60.505,58.496,54.214,48.723,42.825,36.908,31.07,25.336,19.767,14.406,9.151,3.653,-2.729,-10.906,-21.893,-36.413,-54.306,-74.03,-92.643,-106.49,-112.446,-109.214,-98.005,-82.192,-65.944,-52.454,-42.646,-35.089,-27.187,-16.928,-4.179,9.207,20.395,27.005,28.151,24.637,18.456,12.077,7.928,8.175,14.56,27.995,47.847,71.257,93.103,107.097,107.964,93.867,67.833,37.192,11.005,-3.487,-3.732,7.263,22.413,33.596,34.827,24.223,4.122,-20.375,-43.546,-60.883,-70.031,-70.804,-64.594,-53.584,-40.012,-25.624,-11.403,2.403,15.967,29.418,42.405,53.92,62.533,66.983,66.866,62.984,57.057,50.85,45.164,39.3,31.354,19.278,2.182,-18.747,-40.204,-57.684,-67.059,-66.195,-55.939,-40.017,-23.852,-12.735,-10.1,-16.569,-30.062,-46.824,-62.822,-74.95,-81.647,-82.879,-79.682,-73.581,-66.07,-58.271,-50.765,-43.576,-36.32,-28.443,-19.505,-9.379,1.649,12.925,23.579,32.77,39.979,45.229,49.094,52.391,55.676,58.825,60.991,61.034,58.174,52.459,44.751,36.254,27.894,19.976,12.309,4.727,-2.346,-7.656,-9.448,-6.249,2.246,14.698,28.376,40.123,47.596,50.163,48.953,46.025,43.125,40.78,38.286,34.558,29.223,23.112,17.751,14.161,11.824,8.643,2.045,-9.349,-24.49,-39.856,-50.721,-53.193,-46.074,-31.716,-15.402,-3.465,-0.884,-9.368,-26.743,-47.891,-66.76,-78.549,-81.108,-75.106,-63.134,-48.439,-33.981,-22.111,-14.64,-12.797,-16.8,-25.215,-34.719,-40.738,-39.001,-27.354,-6.937,17.94,41.215,57.111,61.927,54.98,38.539,16.984,-4.452,-21.014,-29.508,-28.87,-20.118,-5.799,10.761,26.073,36.94,40.901,36.874,25.879,11.333,-1.605,-7.735,-3.971,9.09,27.006,42.954,50.259,45.027,27.851,3.924,-18.593,-31.441,-29.367,-12.249,14.671,42.625,62.598,68.708,60.278,41.678,20.052,2.063,-8.721,-12.596,-12.507,-11.805,-12.329,-13.742,-14.179,-11.605,-5.073,4.625,15.101,23.13,25.749,21.285,9.988,-5.941,-22.912,-36.925,-44.68,-44.503,-36.804,-23.928,-9.461,2.746,9.545,9.246,2.039,-10.013,-23.522,-34.836,-41.327,-42.348,-39.354,-35.038,-31.93,-31.152,-31.994,-32.451,-30.401,-24.782,-16.171,-6.515,1.843,7.319,9.836,10.758,12.046,15.087,19.888,25.1,28.863,29.893,28.138,24.592,20.542,16.822,13.594,10.684,8.093,6.227,5.692,6.828,9.361,12.402,14.825,15.779,15.07,13.197,11.009,9.195,7.891,6.677,5.001,2.771,0.741,0.372,3.134,9.557,18.542,27.378,32.61,31.443,23.049,9.108,-6.76,-20.472,-29.179,-32.333,-31.587,-29.604,-28.49,-28.76,-29.415,-28.96,-26.622,-22.882,-19.024,-16.085,-14.015,-11.667,-7.593,-1.051,7.453,16.397,24.023,29.103,31.235,30.6,27.487,22.027,14.335,4.903,-5.162,-14.333,-21.186,-24.845,-25.024,-21.73,-15.089,-5.668,4.944,14.192,19.988,22.379, 
26,25,1,512,0,1668438136,1,C57_Cage10_FA,tone,50 dB BBN,left,,12000,20,70,90,5,0.5,0,0,0,0,,-1,0,-1,0,-1,0,-1,0,-1,0,-1,0,-1,0,-1,0,-1,0,-1,0,,40.96,366,0,,18.364,16.923,18.042,21.579,26.018,28.962,28.097,22.151,11.412,-2.392,-16.772,-29.414,-38.967,-45.378,-49.681,-53.393,-57.82,-63.508,-69.957,-75.648,-78.448,-76.366,-68.472,-55.578,-40.255,-26.076,-16.362,-13.006,-15.871,-22.944,-31.103,-37.139,-38.715,-34.995,-26.793,-16.194,-5.739,2.511,7.688,10.324,12.04,14.884,20.598,30,42.6,56.55,69.031,77.095,78.762,73.929,64.643,54.533,47.59,46.787,53.068,65.025,79.297,91.517,97.514,94.458,81.681,60.904,35.782,10.851,-9.832,-23.884,-31.18,-33.548,-33.699,-33.87,-34.876,-36.032,-35.9,-33.351,-28.275,-21.616,-14.873,-9.533,-6.811,-7.709,-13.121,-23.672,-39.271,-58.643,-79.195,-97.357,-109.274,-111.641,-102.524,-82.136,-53.357,-21.615,6.26,24.119,28.726,21.024,5.727,-10.629,-22.159,-25.497,-20.358,-8.86,5.762,20.327,32.305,39.872,41.769,37.393,27.223,13.303,-0.765,-10.705,-13.171,-7.318,4.65,18.422,29.63,35.847,37.399,36.615,36.091,37.092,38.982,39.834,37.694,31.707,22.541,12.014,2.255,-5.144,-9.597,-11.492,-11.768,-11.344,-10.685,-9.687,-7.954,-5.282,-2.033,0.899,2.584,2.715,1.977,1.773,3.4,7.155,11.954,15.771,16.696,13.971,8.411,1.977,-3.214,-5.868,-6.008,-4.825,-3.997,-4.833,-7.583,-11.285,-14.235,-14.892,-12.732,-8.553,-4.057,-0.982,-0.279,-1.761,-4.332,-6.55,-7.183,-5.511,-1.359,5.009,12.987,21.696,30.075,37.013,41.466,42.512,39.379,31.556,19.059,2.699,-15.89,-34.594,-51.431,-65.047,-74.815,-80.525,-81.981,-78.867,-71.039,-58.995,-44.167,-28.739,-15.038,-4.756,1.61,4.835,6.448,7.825,9.323,10.011,8.253,2.875,-5.781,-15.653,-23.805,-27.831,-26.957,-22.174,-15.342,-7.878,0.108,9.676,22.03,37.291,53.872,68.872,79.244,83.085,80.348,72.701,62.715,52.868,44.841,39.317,36.169,34.787,34.288,33.596,31.516,26.978,19.443,9.306,-1.962,-12.126,-18.902,-20.801,-17.744,-11.11,-3.192,3.671,7.848,8.692,6.29,0.996,-6.863,-16.911,-28.389,-39.901,-49.506,-55.211,-55.698,-50.941,-42.426,-32.753,-24.74,-20.355,-19.97,-22.256,-24.745,-24.817,-20.731,-12.359,-1.345,9.396,16.757,18.686,15.056,7.689,-0.506,-6.834,-9.819,-9.373,-6.159,-0.745,6.737,16.084,26.077,33.933,35.884,28.851,12.354,-10.561,-34.118,-52.095,-60.407,-58.608,-49.516,-37.291,-25.161,-14.127,-3.308,8.517,21.296,33.151,41.207,43.202,38.774,29.64,18.653,8.449,0.527,-4.83,-7.994,-9.365,-9.111,-7.377,-4.648,-1.924,-0.474,-1.273,-4.414,-8.854,-12.663,-13.719,-10.526,-2.822,8.248,20.401,30.822,36.968,37.424,32.579,24.777,17.708,15.101,19.213,29.821,44.212,58.196,67.635,69.831,64.206,52.119,36.032,18.479,1.322,-14.435,-28.36,-40.143,-49.352,-55.557,-58.669,-59.171,-58.037,-56.321,-54.7,-53.255,-51.603,-49.273,-46.061,-42.168,-38.012,-33.768,-28.844,-21.65,-10.049,7.362,29.659,52.859,71.328,81.359,83.859, 
27,26,1,512,0,1668438161,1,C57_Cage10_FA,tone,50 dB BBN,left,,12000,10,80,90,5,0.5,0,0,0,0,,-1,0,-1,0,-1,0,-1,0,-1,0,-1,0,-1,0,-1,0,-1,0,-1,0,,40.96,366,0,,-16.402,-12.747,-4.875,4.346,10.923,11.519,4.877,-7.772,-23.347,-38.102,-48.773,-53.315,-51.152,-43.049,-30.749,-16.471,-2.382,9.812,19.039,24.743,26.62,24.488,18.473,9.434,-0.715,-9.224,-13.348,-11.486,-4.003,6.783,17.485,24.967,27.449,24.899,18.648,10.57,2.33,-5.007,-10.947,-15.342,-18.132,-19.173,-18.121,-14.392,-7.258,3.839,18.809,36.464,54.439,69.642,79.227,81.695,77.633,69.655,61.472,56.438,56.198,60.042,65.205,67.897,64.536,52.679,31.446,1.57,-34.664,-73.539,-110.244,-139.657,-157.555,-161.857,-153.292,-135.093,-111.767,-87.532,-65.125,-45.524,-28.561,-13.966,-2.15,5.711,8.327,5.248,-2.477,-12.334,-21.113,-26.009,-25.577,-20.085,-11.208,-1.241,7.759,14.565,18.923,21.296,22.44,23.101,23.95,25.706,29.211,35.265,44.238,55.662,68.083,79.286,86.793,88.435,82.838,69.81,50.626,28.091,6.173,-10.913,-20.002,-20.147,-13.103,-2.788,6.113,9.853,6.908,-1.62,-12.584,-21.989,-26.307,-23.459,-13.233,2.785,21.631,39.56,52.741,58.023,53.679,39.936,19.05,-5.19,-28.391,-46.623,-57.278,-59.548,-54.512,-44.858,-34.284,-26.605,-24.708,-29.645,-40.231,-53.376,-65.104,-71.914,-71.919,-65.279,-53.748,-39.624,-24.711,-9.885,4.554,18.098,29.453,36.652,37.84,32.263,20.869,6.183,-8.416,-19.665,-25.21,-24.018,-16.415,-3.871,11.365,26.731,39.895,49.259,54.232,55.143,52.875,48.466,42.913,37.211,32.404,29.45,28.919,30.737,34.266,38.718,43.598,48.765,53.925,57.895,58.282,52.138,37.462,14.766,-12.368,-38.306,-57.624,-67.49,-68.918,-66.239,-65.01,-69.363,-80.055,-94.097,-106.098,-110.639,-104.567,-88.184,-64.951,-39.982,-18.068,-2.059,7.872,13.871,19.164,26.401,36.236,46.806,54.418,55.285,47.544,32.553,14.713,-0.23,-7.612,-5.822,3.149,14.77,24.017,27.373,23.938,15.397,5.157,-2.815,-5.107,0.204,12.836,30.038,47.126,58.937,61.817,55.23,42.124,27.726,17.298,13.93,17.41,24.645,31.279,33.654,30.183,21.655,10.522,-0.34,-8.859,-14.532,-18.534,-23.091,-30.337,-41.047,-53.877,-65.607,-72.417,-71.655,-63.162,-49.414,-34.418,-21.991,-14.324,-11.493,-11.934,-13.429,-14.04,-12.645,-9.061,-3.918,1.611,6.148,8.497,7.994,4.67,-0.819,-7.463,-14.196,-20.09,-24.4,-26.541,-26.056,-22.65,-16.268,-7.258,3.408,13.999,22.26,26.165,24.973,19.969,14.277,11.607,14.484,22.907,34.209,44.227,49.224,47.588,40.529,31.486,24.572,22.79,26.775,34.579,42.542,46.836,44.977,36.615,23.307,7.482,-8.72,-24.077,-38.068,-50.131,-59.038,-62.956,-60.263,-50.633,-35.679,-18.659,-3.354,7.344,12.371,12.545,9.798,6.09,2.614,-0.408,-3.384,-6.797,-10.777,-14.997,-18.887,-22.003,-24.31,-26.146,-27.834,-29.168,-29.155,-26.284,-19.26,-7.782,7.113,23.331,38.427,50.294,57.491,59.176,54.876,44.44,28.341,8.221,-12.726,-30.046,-39.268,-37.86,-26.964,-11.622,1.435,7.775,7.784, 
28,27,1,512,0,1668438186,1,C57_Cage10_FA,tone,50 dB BBN,left,,16000,90,0,90,5,0.5,0,0,0,0,,1.438,607.31,1.848,-795.183,2.095,-81.737,2.382,-543.599,3.163,913.917,3.738,-119.503,4.025,-98.36,4.682,-489.896,-1,0,-1,0,,40.96,366,0,,7.304,19.43,31.439,43.6,55.717,66.283,72.541,71.504,61.334,42.295,16.861,-10.954,-36.647,-56.222,-66.882,-67.312,-57.596,-38.858,-12.833,18.418,52.504,86.488,116.733,139.188,150.34,148.785,136.931,122.001,115.417,130.08,175.919,255.15,359.255,469.348,560.299,607.31,592.507,509.184,362.538,167.401,-55.432,-282.613,-490.576,-657.101,-763.061,-795.183,-749.73,-635.893,-476.909,-307.155,-164.806,-81.737,-74.068,-137.199,-247.663,-371.332,-474.685,-534.661,-543.599,-508.372,-445.305,-373.625,-309.777,-263.66,-236.91,-222.978,-208.945,-178.954,-118.775,-20.36,115.158,277.228,448.59,609.858,744.255,840.99,896.533,913.917,900.547,865.177,814.823,752.58,677.336,585.777,476.046,351.259,220.87,98.777,-1.202,-70.267,-107.528,-119.503,-116.705,-109.221,-103.382,-100.849,-100.095,-99.202,-98.36,-100.741,-111.265,-133.87,-168.802,-211.503,-253.992,-288.312,-310.408,-322.362,-331.581,-347.088,-374.628,-413.032,-453.706,-483.544,-489.896,-465.328,-410.123,-331.633,-241.101,-149.625,-65.129,8.612,71.045,123.064,165.53,198.638,221.924,234.466,235.042,222.438,196.151,157.373,109.674,58.7,10.738,-29.215,-58.77,-78.041,-88.213,-89.854,-82.222,-64.183,-36.197,-1.96,31.576,56.166,65.367,57.213,35.102,6.454,-20.188,-38.222,-44.8,-40.721,-28.73,-11.336,10.65,38.178,72.762,114.784,162.176,210.122,251.916,280.688,291.37,282.248,255.565,216.99,174.128,134.553,104.007,85.298,78.244,80.561,89.241,101.744,116.486,132.555,149.027,164.405,176.54,183.018,181.77,171.61,152.534,125.653,92.733,55.443,14.672,-29.642,-77.884,-129.61,-182.608,-232.909,-275.995,-308.636,-330.374,-343.756,-353.173,-362.885,-375.235,-389.827,-403.891,-413.462,-414.756,-405.257,-384.3,-353.167,-314.79,-273.131,-232.305,-195.584,-164.536,-138.66,-115.681,-92.433,-65.947,-34.387,2.448,43.088,84.814,124.457,159.41,188.522,212.526,233.763,255.234,279.286,306.385,334.484,359.33,375.753,379.539,369.145,346.449,316.1,283.739,253.921,228.762,207.906,189.631,172.303,155.284,138.817,123.118,107.402,89.56,66.834,37.222,0.903,-39.09,-77.413,-108.032,-126.26,-130.31,-121.772,-104.941,-85.468,-68.98,-60.084,-61.774,-75.041,-98.552,-128.545,-159.251,-184.036,-197.099,-195.177,-178.617,-151.341,-119.67,-90.412,-68.863,-57.425,-55.27,-59.089,-64.59,-68.17,-68.176,-65.34,-62.195,-61.691,-65.546,-73.121,-81.392,-86.068,-83.274,-70.964,-49.438,-20.944,11.204,43.455,72.514,95.586,110.58,116.407,113.243,102.567,86.817,68.738,50.639,33.9,18.992,5.996,-4.692,-11.978,-14.399,-11.028,-2.413,9.179,20.495,28.716,32.781,33.873,34.736,38.157,45.388,55.356,65.147,71.501,72.52,68.579,61.945,55.398,50.716,47.879,45.36,41.17,33.999,23.845,11.884,-0.202,-11.001,-19.798,-26.511,-31.321,-34.357,-35.695,-35.612,-34.847,-34.584,-36.081,-40.058,-46.126,-52.577,-56.747,-55.974,-48.853,-36.248,-21.48,-9.376,-4.409,-8.697,-20.839,-36.233,-48.814,-53.381,-47.448,-31.837,-9.955,13.751,35.403,52.813,65.802,75.664,84.063, 
29,28,1,512,0,1668438210,1,C57_Cage10_FA,tone,50 dB BBN,left,,16000,80,10,90,5,0.5,0,0,0,0,,1.52,483.395,1.93,-693.227,2.218,235.235,2.546,-687.695,3.532,609.292,3.943,16.073,4.066,41.449,4.6,-489.87,-1,0,-1,0,,40.96,366,0,,-9.844,-11.59,-18.018,-26.493,-33.459,-36.129,-33.459,-26.047,-15.399,-3.265,8.558,18.145,23.512,23.078,16.348,4.392,-10.207,-23.935,-33.117,-34.573,-26.04,-6.529,23.288,60.771,101.408,139.589,170.048,189.607,198.657,201.71,206.59,222.154,255.026,306.351,369.836,432.108,475.629,483.395,443.851,354.213,221.042,58.002,-118.008,-290.574,-445.759,-571.906,-658.115,-693.227,-667.048,-574.374,-420.511,-225.429,-23.457,143.095,235.235,229.58,126.606,-48.946,-255.954,-449.903,-595.627,-675.021,-687.695,-645.957,-567.593,-469.911,-366.726,-267.891,-179.809,-105.555,-44.384,8.524,60.979,120.958,192.957,275.279,359.937,435.567,492.128,525.171,537.65,538.532,538.92,547.384,566.336,590.696,609.292,608.595,577.646,512.522,418.605,309.507,202.866,114.65,54.423,23.456,16.073,22.913,34.171,41.449,38.196,19.68,-16.621,-70.145,-136.712,-209.213,-279.66,-341.708,-392.288,-431.45,-460.627,-480.505,-489.87,-486.12,-467.001,-432.432,-385.289,-330.748,-274.596,-221.456,-173.717,-131.492,-93.391,-57.622,-22.976,10.578,41.798,68.587,88.72,100.59,103.594,97.996,84.43,63.462,35.607,1.854,-35.658,-73.332,-106.489,-130.308,-140.866,-135.84,-114.686,-78.427,-29.281,29.636,94.45,160.497,222.264,273.523,307.903,320,306.861,269.393,213.084,147.474,84.183,33.889,3.24,-7.061,-2.052,9.811,20.138,23.716,19.93,12.06,5.043,2.872,6.856,15.403,25.253,33.422,38.837,42.862,48.509,58.794,75.073,96.183,118.748,138.488,151.917,157.691,157.038,153.097,149.454,148.475,150.172,152.076,150.184,140.515,120.546,89.938,50.335,4.559,-44.275,-93.275,-139.825,-181.465,-215.989,-241.936,-259.259,-269.667,-276.228,-282.229,-289.78,-298.876,-307.417,-312.219,-310.502,-301.16,-285.279,-265.746,-246.2,-229.74,-217.828,-209.713,-202.554,-192.264,-174.841,-147.718,-110.595,-65.439,-15.748,34.509,81.83,123.797,159.348,188.735,213.128,233.888,251.748,266.328,276.331,280.369,277.907,269.686,257.341,242.53,226.247,208.831,190.576,172.36,155.668,141.869,131.24,122.5,113.337,101.737,87.315,71.77,58.079,48.847,44.744,43.978,43.103,38.71,29.076,14.894,-1.225,-16.138,-27.688,-35.608,-41.434,-47.594,-56.161,-67.862,-81.696,-95.256,-105.598,-110.35,-108.706,-101.936,-93.183,-86.542,-85.705,-92.647,-106.865,-125.494,-144.293,-159.109,-167.224,-168.006,-162.663,-153.333,-142.034,-129.942,-117.198,-103.195,-87.167,-68.853,-49.004,-29.461,-12.641,-0.535,6.385,9.779,13.117,20.401,34.428,55.393,80.538,105.063,123.903,133.606,133.527,125.872,114.657,104.048,96.809,93.522,92.843,92.561,90.822,86.866,80.937,73.602,65.023,54.762,42.255,27.613,12.107,-2.074,-12.734,-18.714,-20.483,-19.949,-19.638,-21.622,-26.67,-33.931,-41.302,-46.396,-47.765,-45.794,-42.691,-41.341,-43.458,-48.052,-51.277,-48.068,-34.892,-12.122,15.375,39.903,54.051,53.715,39.613,16.74,-7.805,-27.534,-38.689,-41.041,-37.273,-31.371,-26.753,-24.86,-24.748,-23.839,-19.477,-10.497,2.063,15.616,27.677,37.361,45.477,53.26, 
30,29,1,512,0,1668438235,1,C57_Cage10_FA,tone,50 dB BBN,left,,16000,70,20,90,5,0.5,0,0,0,0,,1.684,277.886,2.054,-415.954,2.382,494.316,2.752,-491.085,3.409,241.074,3.655,69.955,4.272,190.222,4.97,-285.825,-1,0,-1,0,,40.96,366,0,,30.722,41.994,46.347,42.43,31.567,16.984,2.424,-9.128,-16.151,-18.656,-17.786,-15.232,-12.693,-11.52,-12.551,-16.053,-21.699,-28.616,-35.581,-41.361,-45.044,-46.138,-44.406,-39.634,-31.605,-20.33,-6.362,9.097,24.405,37.919,48.444,55.578,59.937,63.296,68.628,79.794,100.614,133.186,175.915,222.17,260.652,277.886,262.236,207.933,117.459,1.332,-124.527,-242.658,-337.574,-397.768,-415.954,-388.279,-313.806,-195.284,-41.262,131.66,298.447,428.832,494.316,476.976,376.445,211.542,15.144,-175.868,-331.357,-434.965,-485.156,-491.085,-466.267,-423.29,-371.33,-316.25,-261.846,-210.747,-164.389,-122.447,-82.552,-40.919,6.068,59.817,117.904,173.71,217.828,241.074,238.121,210.289,166.12,119.179,83.731,69.955,80.683,110.981,150.581,187.939,214.126,225.135,222.096,209.824,194.575,181.889,175.124,174.917,179.52,185.76,190.222,190.238,184.388,172.419,154.764,131.999,104.52,72.529,36.206,-4.099,-47.754,-93.732,-140.443,-185.547,-225.942,-258.094,-278.747,-285.825,-279.206,-261.021,-235.284,-206.863,-180.078,-157.454,-139.197,-123.729,-109.105,-94.573,-81.364,-72.202,-69.755,-74.989,-86.456,-100.94,-115.046,-126.748,-136.036,-144.391,-153.422,-163.383,-172.28,-176.039,-169.769,-149.697,-114.931,-68.218,-15.217,37.455,84.519,123.545,154.944,180.543,201.594,217.418,225.499,223.004,208.854,185.145,157.038,131.149,113.262,106.519,110.86,123.73,141.434,160.355,177.517,190.506,197.096,195.095,182.723,159.546,127.489,91.281,57.758,33.987,24.857,31.217,49.471,72.877,93.96,106.946,109.2,101.241,85.557,64.925,41.05,14.065,-16.918,-52.55,-91.943,-132.087,-168.436,-196.472,-213.515,-219.843,-218.571,-214.38,-211.725,-213.323,-219.447,-228.177,-236.379,-240.94,-239.776,-232.225,-218.787,-200.503,-178.428,-153.501,-126.758,-99.547,-73.456,-49.907,-29.703,-12.81,1.516,14.394,27.003,40.397,55.407,72.531,91.75,112.37,133.034,151.958,167.337,177.723,182.244,180.604,172.957,159.807,142.07,121.284,99.768,80.43,66.066,58.289,56.591,58.138,58.621,53.949,42.034,23.805,2.944,-15.512,-26.991,-28.801,-20.637,-4.267,17.185,39.905,59.872,73.349,77.566,71.521,56.527,36.055,14.732,-3.177,-15.152,-21.033,-22.68,-22.925,-24.397,-28.668,-35.912,-45.014,-53.988,-60.63,-63.243,-61.25,-55.43,-47.672,-40.363,-35.696,-35.116,-39.004,-46.551,-55.851,-64.226,-68.849,-67.519,-59.386,-45.335,-27.857,-10.385,3.753,12.419,15.342,14.048,10.996,8.308,6.75,5.515,2.928,-2.315,-10.08,-18.508,-24.687,-25.946,-21.103,-11.093,1.273,12.242,18.33,17.378,9.171,-4.543,-20.605,-35.391,-45.823,-50.053,-47.601,-38.981,-25.179,-7.359,13.004,33.799,52.236,65.462,71.741,71.544,67.74,64.489,65.191,70.56,77.95,82.479,79.492,67.105,47.426,25.753,8.108,-1.582,-3.157,0.053,3.153,2.112,-4.593,-15.775,-28.568,-39.946,-47.938,-52.123,-53.403,-53.313,-53.213,-53.653,-54.147,-53.405,-49.908,-42.598,-31.42,-17.495,-2.81,10.586,21.596,30.8,40.197,51.782,66.06, 
31,30,1,512,0,1668438260,1,C57_Cage10_FA,tone,50 dB BBN,left,,16000,60,30,90,5,0.5,0,0,0,0,,-1,0,-1,0,-1,0,-1,0,-1,0,-1,0,-1,0,-1,0,-1,0,-1,0,,40.96,366,0,,5.878,-0.056,-11.762,-26.629,-40.184,-48.116,-48.372,-42.128,-33.093,-25.593,-22.554,-24.456,-29.674,-35.791,-41.025,-44.959,-48.26,-51.681,-55.034,-56.768,-54.436,-45.768,-29.788,-7.394,18.811,45.296,68.614,86.261,97.161,101.665,101.105,97.069,90.693,82.335,71.877,59.542,46.694,35.984,30.496,32.256,40.968,53.803,66.474,74.995,77.123,72.706,62.88,48.767,30.534,7.318,-22.051,-58.009,-99.418,-143.17,-184.329,-216.76,-234.199,-231.559,-206.099,-158.089,-90.746,-9.595,78.366,165.315,242.901,302.423,335.335,334.477,295.964,221.144,117.641,-1.35,-119.659,-221.884,-296.923,-339.961,-352.319,-339.542,-308.802,-266.756,-218.544,-167.875,-117.691,-70.724,-29.547,3.944,29.251,47.67,61.927,74.993,88.574,102.119,113.002,117.94,114.915,104.553,90.183,76.585,68.101,67.021,72.89,82.887,93.048,99.832,101.458,98.491,93.419,89.414,88.88,92.516,99.338,107.541,115.625,123.067,130.122,136.873,142.097,142.734,134.474,113.385,77.863,29.793,-25.828,-82.747,-135.823,-182.567,-222.954,-257.742,-286.481,-306.666,-314.681,-307.909,-286.522,-253.713,-214.235,-172.285,-130.099,-87.971,-45.362,-2.173,40.619,81.117,117.036,146.119,166.265,175.56,172.563,156.946,130.227,96.086,59.831,27.022,1.735,-14.7,-23.899,-29.468,-35.413,-44.62,-57.966,-74.182,-90.314,-102.526,-107.011,-100.834,-82.575,-52.7,-13.634,30.479,74.331,112.328,139.718,153.709,154.239,144.067,128.035,111.636,99.294,92.906,91.2,90.225,84.896,71.052,47.229,15.404,-19.564,-51.523,-74.975,-86.639,-86.14,-75.733,-59.326,-41.288,-25.48,-14.671,-10.202,-11.689,-16.785,-21.348,-20.415,-9.979,11.06,39.754,69.527,92.148,100.481,90.876,64.285,25.811,-16.997,-56.413,-86.599,-104.838,-111.627,-109.72,-102.627,-93.251,-83.242,-73.197,-63.361,-54.281,-46.97,-42.525,-41.504,-43.466,-46.939,-49.809,-49.912,-45.579,-36.024,-21.548,-3.589,15.425,32.532,45.043,51.516,52.419,50.066,47.66,47.85,51.514,57.403,62.788,64.759,61.515,53.11,41.425,29.49,20.456,16.611,18.661,25.457,34.183,41.056,42.449,36.197,22.638,4.841,-12.27,-23.688,-26.236,-19.725,-6.784,8.448,21.984,31.088,34.422,31.508,22.259,7.094,-12.429,-33.109,-50.423,-59.85,-58.63,-47.072,-28.624,-8.625,7.711,17.136,19.215,15.877,10.016,3.937,-1.567,-7.108,-13.775,-22.017,-31.085,-39.361,-45.338,-48.548,-49.7,-49.894,-49.415,-47.092,-40.833,-29.207,-13.102,3.733,15.872,18.711,10.958,-4.315,-20.772,-31.573,-32.341,-22.839,-6.597,11.145,25.968,35.988,42.018,46.357,51.105,57.029,63.499,69.27,73.374,75.513,75.808,74.273,70.495,63.756,53.468,39.606,22.862,4.489,-14.023,-31.186,-45.62,-56.125,-61.879,-62.768,-59.626,-54.156,-48.458,-44.381,-43.005,-44.414,-47.773,-51.54,-53.766,-52.503,-46.337,-34.969,-19.548,-2.476,13.399,25.924,34.525,40.296,45.14,50.371,55.556,58.339,55.517,44.91,27.079,5.846,-12.936,-24.021,-25.581,-20.456,-14.557,-12.829,-16.06, 
32,31,1,512,0,1668438285,1,C57_Cage10_FA,tone,50 dB BBN,left,,16000,50,40,90,5,0.5,0,0,0,0,,-1,0,-1,0,-1,0,-1,0,-1,0,-1,0,-1,0,-1,0,-1,0,-1,0,,40.96,366,0,,3.636,21.463,39.551,56.77,71.902,83.056,87.813,84.232,72.051,53.268,31.653,11.487,-3.793,-12.41,-14.307,-10.654,-3.223,6.012,14.923,21.093,21.874,14.933,-0.734,-23.775,-50.085,-73.505,-87.57,-87.678,-72.799,-45.967,-13.362,17.62,40.514,51.376,49.404,36.607,16.893,-5.052,-24.785,-38.861,-45.278,-43.596,-34.807,-21.035,-5.096,10.055,21.955,29.206,31.78,30.877,28.358,25.991,24.829,24.991,25.854,26.448,25.844,23.4,18.918,12.75,5.889,-0.074,-3.24,-1.981,4.353,14.893,27.257,38.253,45.069,46.385,42.812,36.332,29.031,21.815,13.89,3.355,-11.422,-30.452,-51.631,-71.42,-86.292,-94.188,-95.209,-91.33,-85.358,-79.703,-75.5,-72.377,-68.847,-63.091,-53.771,-40.615,-24.592,-7.685,7.691,19.412,26.295,28.422,26.97,23.637,19.909,16.557,13.649,11.033,8.938,8.242,10.135,15.355,23.482,32.805,40.927,45.81,46.71,44.538,41.522,40.347,43.152,50.741,62.288,75.649,88.127,97.349,101.853,101.134,95.296,84.652,69.654,51.175,30.824,10.843,-6.575,-20.274,-30.753,-39.881,-49.669,-60.778,-71.72,-79.395,-80.823,-75.091,-64.356,-53.24,-46.897,-48.745,-58.949,-74.295,-89.402,-98.711,-98.493,-88.167,-70.447,-50.221,-32.574,-20.774,-15.149,-13.35,-11.834,-7.71,-0.021,10.096,20.254,28.053,32.064,32.19,29.448,25.454,21.909,20.204,21.137,24.69,29.961,35.353,39.078,39.764,36.879,30.762,22.382,13.101,4.606,-1.163,-2.388,1.887,10.977,22.334,32.183,36.878,34.33,24.843,10.977,-3.458,-14.768,-20.523,-20.061,-14.263,-4.861,6.311,17.792,28.561,37.808,44.664,48.141,47.383,42.133,33.128,22.147,11.565,3.531,-0.87,-2.069,-1.802,-2.307,-5.313,-11.354,-19.739,-29.117,-38.193,-46.136,-52.457,-56.616,-57.749,-54.857,-47.423,-36.103,-22.988,-11.132,-3.391,-1.126,-3.456,-7.572,-10.011,-8.289,-2.024,7,15.786,21.564,22.948,20.315,15.332,10.016,5.844,3.298,1.934,0.794,-1.102,-4.341,-8.876,-13.948,-18.229,-20.232,-18.873,-13.982,-6.475,1.917,9.222,13.818,14.777,11.874,5.35,-4.376,-16.822,-31.261,-46.351,-59.864,-68.857,-70.447,-62.968,-46.98,-25.56,-3.584,13.847,23.268,24.248,19.671,14.621,14.26,21.605,36.308,55.064,73.35,87.427,95.446,97.229,93.255,83.891,69.522,51.391,32.245,15.985,6.265,4.789,10.341,19.171,26.54,28.651,24.043,13.914,1.306,-10.4,-18.973,-24.092,-27.022,-29.464,-32.382,-35.543,-37.98,-38.869,-38.065,-35.922,-32.72,-28.402,-22.967,-17.222,-13.083,-12.892,-17.973,-27.384,-37.831,-44.992,-45.589,-39.065,-27.946,-16.722,-9.855,-9.912,-16.711,-27.781,-39.76,-49.886,-56.751,-60.051,-59.694,-55.044,-44.887,-28.165,-5.003,22.624,50.999,75.535,92.062,98.094,93.596,80.982,64.27,47.673,34.211,24.97,19.348,16.078,14.359,14.411,17.082,22.741,30.161,36.153,36.409,27.354,8.197,-17.885,-44.23,-62.939,-68.136,-58.825,-39.693,-18.748,-2.314,8.77, 
33,32,1,512,0,1668438309,1,C57_Cage10_FA,tone,50 dB BBN,left,,16000,40,50,90,5,0.5,0,0,0,0,,-1,0,-1,0,-1,0,-1,0,-1,0,-1,0,-1,0,-1,0,-1,0,-1,0,,40.96,366,0,,-12.564,-50.535,-88.315,-119.51,-139.196,-144.813,-136.43,-116.66,-90.284,-63.365,-41.744,-29.199,-26.076,-29.22,-33.51,-34.365,-29.973,-22.032,-14.607,-11.7,-14.906,-22.438,-30.075,-33.483,-30.561,-22.485,-12.865,-5.596,-2.69,-3.342,-4.635,-3.297,2.683,13.456,27.864,44.449,62.074,79.798,96.308,109.607,117.425,118.237,112.249,101.634,89.732,79.536,72.24,66.656,59.841,48.664,31.501,9.2,-15.166,-37.576,-54.681,-64.953,-68.857,-68.12,-64.571,-59.223,-52.059,-42.602,-30.931,-18.452,-7.831,-1.937,-2.315,-8.115,-16.228,-22.656,-24.375,-20.599,-12.798,-3.561,4.87,11.509,16.517,20.331,22.707,22.355,17.465,6.892,-8.644,-26.06,-40.582,-47.436,-43.812,-30.107,-9.836,11.753,29.588,40.299,42.774,37.798,27.266,13.514,-1.043,-14.124,-23.935,-29.685,-31.978,-32.668,-34.029,-37.547,-42.94,-48.018,-49.57,-44.975,-33.774,-18.367,-3.344,6.39,7.847,1.421,-9.207,-18.722,-22.503,-18.448,-7.477,7.281,21.975,33.351,39.467,39.797,34.993,26.567,16.533,7.025,-0.098,-3.548,-2.701,2.519,11.84,24.76,40.48,57.687,74.371,87.899,95.509,95.157,86.399,70.88,52.057,34.108,20.379,12.088,7.972,5.153,0.799,-6.302,-15.186,-23.48,-29.009,-31.244,-31.707,-33.113,-37.761,-46.146,-56.611,-66.221,-72.347,-74.015,-72.23,-69.15,-66.686,-65.425,-64.518,-62.472,-58.237,-51.807,-44.015,-35.751,-27.264,-18.075,-7.569,4.137,15.728,24.999,29.883,29.615,25.348,19.796,16.075,16.361,21.049,28.79,37.294,44.418,48.983,50.995,51.226,50.471,48.865,45.668,39.643,29.912,16.891,2.766,-8.872,-14.226,-10.858,1.171,19.17,38.768,55.44,65.91,68.937,65.355,57.541,48.51,40.868,35.886,33.023,30.121,24.295,13.182,-3.934,-25.598,-48.52,-68.674,-82.709,-89.057,-88.232,-82.303,-73.923,-65.49,-58.748,-54.738,-53.821,-55.608,-58.912,-61.965,-62.963,-60.756,-55.301,-47.571,-38.955,-30.451,-22.179,-13.539,-3.943,6.358,15.935,22.625,24.563,21.203,13.736,4.647,-3.331,-8.262,-9.451,-7.108,-1.552,7.384,20.19,36.809,55.648,73.337,85.672,89.43,84.096,72.461,59.58,50.56,48.264,52.153,58.799,63.737,63.594,57.451,46.908,35.057,25.023,18.761,16.465,16.597,16.411,12.819,3.453,-12.336,-32.974,-54.941,-73.844,-85.819,-88.672,-82.332,-68.612,-50.567,-31.733,-15.417,-4.088,1.058,0.23,-5.211,-13.33,-22.274,-30.723,-37.955,-43.572,-47.113,-47.85,-44.93,-37.778,-26.525,-12.181,3.505,18.415,30.516,38.323,41.307,40.153,36.656,33.147,31.574,32.628,35.359,37.511,36.459,30.372,19.099,4.426,-10.457,-22.077,-28.003,-27.806,-23.248,-17.558,-14.118,-15.131,-20.862,-29.691,-38.864,-45.505,-47.54,-44.282,-36.596,-26.573,-16.715,-8.818,-2.986,2.67,11.304,25.729,46.578,71.141,93.609,106.868,105.275,87.242,56.419,20.774,-10.23,-29.261,-34.015,-28.003,-18.754,-14.106,-18.274,-29.681,-41.8,-46.793,-40.141,-23.463,-3.295,14.01,26.911, 
34,33,1,512,0,1668438334,1,C57_Cage10_FA,tone,50 dB BBN,left,,16000,30,60,90,5,0.5,0,0,0,0,,-1,0,-1,0,-1,0,-1,0,-1,0,-1,0,-1,0,-1,0,-1,0,-1,0,,40.96,366,0,,41.028,40.359,31.001,14.479,-5.101,-22.61,-33.675,-36.011,-29.961,-18.203,-4.772,6.303,12.359,12.985,10.109,7.191,7.793,14.06,25.716,39.996,52.567,59.052,56.528,44.417,24.542,0.483,-23.445,-43.271,-56.279,-61.558,-60.032,-53.93,-45.874,-37.999,-31.448,-26.406,-22.499,-19.267,-16.445,-13.959,-11.737,-9.514,-6.813,-3.176,1.476,6.603,11.143,13.954,14.356,12.39,8.624,3.646,-2.339,-9.455,-17.645,-26.084,-33.058,-36.575,-35.426,-30.06,-22.644,-16.192,-13.24,-14.76,-19.826,-26.04,-30.366,-30.01,-23.099,-9.159,10.65,33.626,56.063,74.247,85.602,89.502,87.315,81.624,75.031,69.171,64.405,60.223,55.993,51.508,47.024,42.886,39.081,35.088,30.086,23.334,14.5,3.856,-7.641,-18.412,-26.546,-30.406,-29.368,-24.398,-18.093,-14.021,-15.464,-23.956,-38.234,-54.259,-66.611,-70.872,-65.915,-54.8,-43.582,-38.439,-42.597,-54.669,-69.357,-80.09,-82.182,-74.838,-61.076,-45.829,-33.416,-25.75,-22.053,-19.888,-16.688,-10.867,-2.076,9.175,22.029,35.521,48.502,59.568,67.249,70.515,69.292,64.596,58.095,51.328,45.049,39.115,32.974,26.386,19.862,14.501,11.353,10.746,12.079,14.202,16.085,17.241,17.605,17.012,14.803,9.976,1.877,-9.076,-21.177,-31.958,-39.129,-41.352,-38.388,-30.662,-18.679,-2.821,16.265,36.98,56.398,70.702,76.452,72.076,58.694,39.707,19.318,0.807,-14.496,-27.061,-38.119,-48.49,-58.053,-66.059,-71.927,-75.807,-78.456,-80.497,-81.622,-80.356,-74.611,-62.759,-44.65,-22.02,1.89,23.37,39.443,48.69,51.364,48.823,42.704,34.371,24.877,15.311,7.069,1.711,0.344,2.917,7.909,12.732,14.754,12.521,6.622,-0.183,-3.73,0.08,13.519,35.629,61.834,85.024,97.939,96.002,79.352,53.035,25.108,3.418,-7.513,-8.11,-3.225,0.23,-3.637,-17.21,-38.461,-61.865,-80.651,-89.412,-86.039,-72.24,-52.552,-32.357,-15.863,-4.927,0.854,3.064,3.119,1.377,-2.876,-10.673,-22.323,-36.672,-51.098,-62.238,-67.111,-64.081,-53.255,-36.247,-15.534,6.202,26.491,43.222,54.732,59.996,58.971,52.848,43.957,35.161,28.915,26.375,27.017,28.99,30.073,28.768,24.981,19.92,15.293,12.278,10.889,10.086,8.547,5.653,2.096,-0.282,0.611,5.891,14.815,24.777,32.255,34.244,29.422,18.516,3.841,-11.564,-24.751,-33.404,-36.189,-33.01,-25.139,-15.026,-5.666,0.325,1.55,-1.779,-8.067,-15.021,-20.482,-23.113,-22.758,-20.409,-17.814,-16.8,-18.485,-22.644,-27.531,-30.373,-28.452,-20.387,-6.984,8.855,23.265,33.098,37.279,37.085,35.142,33.739,33.388,32.467,28.126,17.985,1.682,-18.525,-38.423,-53.409,-60.163,-57.649,-47.165,-31.635,-14.63,0.518,11.36,16.727,16.843,13.065,7.245,0.97,-4.916,-10.226,-14.871,-18.278,-19.237,-16.373,-8.937,2.604,16.617,30.986,43.983,54.683,62.63,67.034,66.254,58.188,41.605,17.632,-9.649,-34.164,-50.126,-54.48,-48.161,-35.41,-21.463,-9.99,-1.812,4.359, 
35,34,1,512,0,1668438359,1,C57_Cage10_FA,tone,50 dB BBN,left,,16000,20,70,90,5,0.5,0,0,0,0,,-1,0,-1,0,-1,0,-1,0,-1,0,-1,0,-1,0,-1,0,-1,0,-1,0,,40.96,366,0,,54.845,76.539,86.56,83.137,69.104,50.074,31.776,18.04,10.167,7.514,8.594,11.989,16.716,22.086,27.317,31.206,32.096,28.277,18.749,4.045,-13.353,-29.37,-39.543,-40.694,-32.392,-17.494,-1.366,10.015,12.312,4.434,-11.221,-29.904,-46.445,-57.069,-60.409,-57.443,-50.59,-42.443,-34.717,-27.823,-21.161,-13.921,-5.888,2.211,9.028,13.389,15.015,14.677,13.59,12.44,10.735,7.046,0.1,-9.975,-21.126,-30.048,-33.707,-30.847,-22.599,-11.896,-2.072,4.561,7.446,7.605,6.832,6.815,8.608,12.583,18.667,26.574,35.873,45.881,55.54,63.42,67.931,67.756,62.424,52.797,41.15,30.541,23.502,20.603,19.757,16.933,8.159,-8.152,-29.841,-51.456,-66.389,-69.654,-59.998,-40.407,-16.906,3.707,16.202,18.422,11.557,-0.723,-13.765,-23.438,-27.206,-24.569,-16.897,-6.81,2.722,9.354,12.133,11.747,10.069,9.129,9.972,12.045,13.491,12.233,7.243,-0.739,-9.477,-16.34,-19.611,-19.297,-17.049,-15.343,-16.383,-21.218,-29.366,-38.988,-47.462,-52.203,-51.479,-45.058,-34.46,-22.661,-13.225,-9.045,-11.118,-17.927,-25.802,-30.232,-27.61,-16.658,1.078,21.827,40.979,54.677,60.984,60.229,54.511,46.685,39.361,34.308,32.367,33.66,37.819,44.107,51.463,58.563,63.928,66.058,63.641,55.898,43.012,26.422,8.683,-7.18,-18.608,-24.303,-24.542,-20.947,-15.879,-11.719,-10.253,-12.284,-17.535,-24.844,-32.565,-39.053,-43.092,-44.167,-42.523,-38.991,-34.672,-30.618,-27.665,-26.473,-27.654,-31.741,-38.853,-48.151,-57.462,-63.471,-62.654,-52.658,-33.525,-8.153,18.319,40.025,52.219,52.738,42.539,25.175,5.502,-11.84,-23.628,-28.624,-27.43,-21.802,-13.764,-4.863,4.151,13.263,22.899,33.627,45.919,59.913,75.133,90.272,103.214,111.414,112.56,105.279,89.628,67.242,41.108,14.992,-7.424,-23.505,-32.413,-35.286,-34.677,-33.415,-33.415,-34.984,-36.978,-37.687,-35.983,-32.075,-27.501,-24.353,-24.192,-27.241,-32.293,-37.377,-40.781,-41.87,-41.251,-40.253,-40.038,-40.867,-41.887,-41.542,-38.378,-31.874,-22.867,-13.365,-5.767,-1.83,-1.876,-4.636,-7.85,-9.286,-7.646,-2.913,3.945,11.591,18.864,25.032,29.809,33.31,36.006,38.597,41.716,45.516,49.367,51.871,51.278,46.183,36.225,22.449,7.094,-7.192,-18.414,-25.983,-30.707,-33.936,-36.322,-37.006,-33.853,-24.783,-9.458,9.746,28.297,41.457,46.61,44.579,39.126,34.893,34.978,39.48,45.68,49.579,47.871,39.375,25.35,8.725,-7.279,-20.474,-30.354,-37.811,-44.138,-49.903,-54.358,-55.803,-52.724,-45.075,-34.876,-25.655,-20.882,-22.194,-28.382,-35.762,-39.798,-37.178,-27.278,-12.345,3.613,16.587,24.135,26.128,24.511,22.304,22.298,25.897,32.489,39.559,43.544,41.183,30.898,13.679,-6.96,-26.068,-39.06,-43.5,-40.02,-31.88,-23.345,-17.681,-15.788,-16.101,-15.678,-11.844,-3.533,8.267,21.084,32.192,39.849,43.894,45.369,45.361,43.752,38.761,27.842,9.722,-13.716,-37.597,-57.307,-72.148, 
36,35,1,512,0,1668438384,1,C57_Cage10_FA,tone,50 dB BBN,left,,16000,10,80,90,5,0.5,0,0,0,0,,-1,0,-1,0,-1,0,-1,0,-1,0,-1,0,-1,0,-1,0,-1,0,-1,0,,40.96,366,0,,-6.975,-2.977,0.411,1.618,-0.752,-7.287,-17.265,-28.633,-38.623,-44.762,-45.764,-41.831,-34.226,-24.46,-13.601,-2.122,9.765,21.612,32.517,41.296,46.886,48.676,46.567,40.859,32.184,21.636,10.979,2.626,-0.858,2.333,12.347,27.316,43.78,57.731,65.804,66.139,58.722,45.175,28.158,10.543,-5.384,-18.415,-28.435,-36.025,-41.911,-46.535,-49.849,-51.295,-49.917,-44.678,-34.996,-21.374,-5.746,8.806,19.048,22.902,20.409,13.784,6.459,1.525,0.345,2.044,4.131,3.901,-0.13,-7.496,-16.095,-23.312,-27.326,-27.964,-26.697,-25.844,-27.382,-31.916,-38.292,-44.046,-46.474,-43.817,-35.976,-24.451,-11.638,0.039,8.723,13.267,13.153,8.495,0.241,-9.592,-18.009,-21.672,-17.974,-6.111,12.401,34.075,54.606,70.329,79.371,81.965,79.841,75.017,68.686,60.82,50.736,38.243,24.553,12.257,4.231,2.092,5.182,10.791,15.52,16.982,14.827,10.554,6.36,3.843,3.299,3.869,4.206,3.09,-0.33,-6.62,-16.133,-28.832,-43.916,-59.531,-72.904,-81.02,-81.663,-74.423,-61.177,-45.69,-32.385,-24.721,-23.91,-28.555,-35.352,-40.51,-41.19,-36.391,-27.037,-15.406,-4.263,3.976,7.839,7.099,2.824,-2.819,-7.028,-7.129,-1.516,9.582,23.942,38.043,48.398,52.876,51.297,45.042,36.011,25.695,14.968,4.603,-4.067,-9.033,-8.309,-1.07,11.548,26.576,40.297,49.735,53.752,53.186,50.05,46.323,43.021,39.957,36.186,30.756,23.383,14.741,6.253,-0.575,-5.027,-7.782,-10.821,-16.502,-26.188,-39.128,-52.238,-61.027,-61.29,-50.902,-30.927,-5.583,18.975,36.638,43.375,38.535,24.911,7.53,-8.312,-18.963,-23.5,-23.646,-22.666,-23.782,-28.78,-37.325,-47.225,-55.503,-59.764,-59.198,-54.701,-48.125,-41.11,-34.206,-26.751,-17.505,-5.65,8.414,22.872,35.015,42.281,43.374,38.941,31.433,24.107,19.569,18.591,19.847,20.777,19.114,14.218,7.451,1.386,-1.64,-0.789,2.928,7.322,10.29,10.901,9.732,8.344,8.272,10.14,13.367,16.552,18.267,17.784,15.37,11.998,8.679,5.777,2.748,-1.516,-7.909,-16.376,-25.679,-33.853,-39.086,-40.527,-38.572,-34.522,-29.845,-25.506,-21.7,-18.044,-14.029,-9.451,-4.595,-0.126,3.267,5.323,6.558,8.289,12.252,19.889,31.593,46.263,61.405,73.8,80.493,79.737,71.536,57.63,40.984,24.978,12.52,5.289,3.268,4.723,6.699,5.969,0.189,-11.162,-26.433,-42.244,-54.533,-59.805,-56.112,-43.535,-24.168,-1.719,19.174,33.878,38.803,32.315,15.186,-9.563,-37.396,-63.31,-82.908,-93.255,-93.405,-84.499,-69.385,-51.804,-35.343,-22.544,-14.479,-10.879,-10.588,-12.004,-13.333,-12.763,-8.761,-0.559,11.38,25.266,38.489,48.58,54.153,55.323,53.343,49.734,45.444,40.569,34.76,27.959,20.907,15.046,11.907,12.4,16.436,23.024,30.622,37.466,41.743,41.717,36.004,24.04,6.554,-14.266,-35.129,-52.492,-63.585,-67.172,-63.722,-54.909,-42.725,-28.669,-13.492,2.43,18.583,34.414,49.974, 
