SGI,Rec No.,Gain,No. Avgs,No. Arts,Time,Chan,Sub. ID,Sub. Ref-1,Sub. Ref-2,Sub. Memo,,Level(dB),Duration(ms),Phase(),Atten-A(dB),..........(),..........(),..........(),..........(),..........(),..........(),,T1(ms),V1(nv),T2(ms),V2(nv),T3(ms),V3(nv),T4(ms),V4(nv),T5(ms),V5(nv),T6(ms),V6(nv),T7(ms),V7(nv),T8(ms),V8(nv),T9(ms),V9(nv),T10(ms),V10(nv),,Samp. Per.,No. Samps.,O.S. Time,Data(nv)...,0,1,2,3,4,5,6,7,8,9,10,11,12,13,14,15,16,17,18,19,20,21,22,23,24,25,26,27,28,29,30,31,32,33,34,35,36,37,38,39,40,41,42,43,44,45,46,47,48,49,50,51,52,53,54,55,56,57,58,59,60,61,62,63,64,65,66,67,68,69,70,71,72,73,74,75,76,77,78,79,80,81,82,83,84,85,86,87,88,89,90,91,92,93,94,95,96,97,98,99,100,101,102,103,104,105,106,107,108,109,110,111,112,113,114,115,116,117,118,119,120,121,122,123,124,125,126,127,128,129,130,131,132,133,134,135,136,137,138,139,140,141,142,143,144,145,146,147,148,149,150,151,152,153,154,155,156,157,158,159,160,161,162,163,164,165,166,167,168,169,170,171,172,173,174,175,176,177,178,179,180,181,182,183,184,185,186,187,188,189,190,191,192,193,194,195,196,197,198,199,200,201,202,203,204,205,206,207,208,209,210,211,212,213,214,215,216,217,218,219,220,221,222,223,224,225,226,227,228,229,230,231,232,233,234,235,236,237,238,239,240,241,242,243,244,245,246,247,248,249,250,251,252,253,254,255,256,257,258,259,260,261,262,263,264,265,266,267,268,269,270,271,272,273,274,275,276,277,278,279,280,281,282,283,284,285,286,287,288,289,290,291,292,293,294,295,296,297,298,299,300,301,302,303,304,305,306,307,308,309,310,311,312,313,314,315,316,317,318,319,320,321,322,323,324,325,326,327,328,329,330,331,332,333,334,335,336,337,338,339,340,341,342,343,344,345,346,347,348,349,350,351,352,353,354,355,356,357,358,359,360,361,362,363,364,365, 
1,0,1,512,0,1662045985,1,TBIM070422B_29,baseclick,,,,90.000000,0.100000,1.000000,0.000000,0.000000,0.000000,0.000000,0.000000,0.000000,0.000000,,-1.000,0.000,-1.000,0.000,-1.000,0.000,-1.000,0.000,-1.000,0.000,-1.000,0.000,-1.000,0.000,-1.000,0.000,-1.000,0.000,-1.000,0.000,,40.960,366,0.000,,41.312,56.317,63.079,59.296,46.802,30.755,16.842,7.698,0.421,-12.869,-40.686,-85.435,-137.909,-177.297,-178.793,-126.325,-23.469,105.574,229.125,331.585,435.515,606.789,932.275,1472.830,2210.970,3022.720,3697.699,4009.104,3805.955,3081.728,1980.417,732.825,-445.141,-1438.176,-2256.525,-2990.528,-3724.496,-4460.005,-5090.203,-5437.264,-5332.614,-4700.167,-3603.409,-2234.657,-850.403,319.963,1152.728,1660.890,1963.163,2204.950,2469.196,2721.927,2821.915,2592.357,1920.720,837.894,-462.064,-1671.484,-2466.108,-2609.270,-2024.371,-813.940,774.080,2414.880,3785.240,4629.999,4803.648,4283.935,3161.511,1612.963,-135.122,-1844.580,-3301.651,-4346.674,-4894.176,-4940.118,-4553.864,-3854.966,-2979.289,-2043.743,-1121.140,-234.233,629.192,1487.282,2334.637,3126.209,3782.131,4211.244,4342.681,4151.750,3669.757,2974.967,2169.751,1353.555,601.358,-46.512,-582.449,-1020.978,-1384.794,-1692.338,-1950.074,-2150.740,-2277.233,-2310.524,-2238.931,-2065.447,-1810.269,-1507.342,-1196.124,-911.750,-677.298,-500.729,-376.907,-292.993,-234.424,-188.998,-148.019,-105.177,-54.852,8.534,89.627,190.397,308.817,438.886,572.004,698.951,811.564,903.650,971.264,1012.785,1029.017,1023.189,1000.529,967.226,928.993,889.716,850.667,810.417,765.207,709.360,635.553,535.214,399.737,223.029,5.144,-244.351,-505.270,-749.458,-947.138,-1074.979,-1122.727,-1095.652,-1011.817,-895.501,-769.680,-650.660,-546.592,-459.556,-389.270,-336.061,-301.599,-287.442,-292.704,-312.471,-337.962,-358.305,-362.962,-343.688,-295.440,-216.403,-107.773,26.198,177.926,336.512,488.694,620.901,721.850,784.695,807.757,793.592,746.995,673.086,576.506,461.994,335.720,206.237,84.150,-19.588,-96.071,-140.501,-153.146,-138.978,-106.250,-64.564,-23.027,10.995,32.352,37.996,26.750,-0.673,-41.395,-90.234,-140.219,-183.929,-215.316,-231.222,-231.903,-220.336,-200.738,-177.051,-152.002,-126.945,-102.269,-77.962,-54.020,-30.539,-7.613,14.786,36.779,58.382,79.291,98.826,116.093,130.231,140.557,146.457,147.044,140.774,125.331,98.020,56.770,1.430,-65.209,-137.320,-207.143,-266.944,-310.938,-336.273,-342.705,-331.382,-303.669,-260.838,-204.751,-138.916,-68.936,-1.758,56.086,100.330,129.928,146.705,154.153,156.189,156.487,158.326,164.454,176.592,194.724,216.723,238.809,256.771,267.336,268.961,261.682,246.292,223.498,193.631,157.021,114.672,68.695,22.181,-21.452,-59.268,-89.406,-111.264,-125.313,-132.764,-135.206,-134.260,-131.279,-127.133,-122.182,-116.442,-109.835,-102.387,-94.280,-85.798,-77.283,-69.189,-62.238,-57.553,-56.556,-60.537,-69.913,-83.528,-98.389,-110.225,-114.846,-109.840,-95.814,-76.438,-57.058,-42.394,-34.357,-31.104,-27.931,-19.707,-3.706,18.661,42.278,60.864,70.296,70.883,67.255,65.985,72.246,87.316,108.032,128.192,141.038,141.673,128.647,104.360,74.319,45.458,23.955,13.216,12.770,18.612,24.941,26.608,21.171,9.619,-4.562,-17.411,-26.493,-31.822,-35.328,-39.388,-45.420,-53.323,-61.848,-69.368,-74.398,-75.608,-71.627,-61.103,-43.276,-18.850,9.379,36.679,57.475,67.106,63.542,48.296,26.078,3.218,-14.506,-23.741,-24.379,-19.035,-11.531,-5.141,-1.409,-0.056,0.106,0.027, 
2,1,1,512,0,1662046010,1,TBIM070422B_29,baseclick,,,,80.000000,0.100000,1.000000,10.000000,0.000000,0.000000,0.000000,0.000000,0.000000,0.000000,,-1.000,0.000,-1.000,0.000,-1.000,0.000,-1.000,0.000,-1.000,0.000,-1.000,0.000,-1.000,0.000,-1.000,0.000,-1.000,0.000,-1.000,0.000,,40.960,366,0.000,,-194.545,-255.045,-286.669,-285.303,-257.172,-213.864,-166.631,-123.233,-87.910,-62.793,-48.516,-43.034,-39.579,-25.980,12.760,88.514,202.838,342.126,478.503,578.106,615.656,591.060,541.240,539.478,677.023,1028.204,1609.436,2349.959,3092.565,3632.339,3783.362,3446.100,2643.151,1504.160,206.901,-1094.137,-2313.280,-3430.734,-4447.623,-5329.902,-5977.538,-6239.929,-5972.481,-5107.214,-3702.836,-1948.916,-119.277,1507.943,2731.198,3473.923,3780.534,3763.627,3529.104,3117.627,2493.756,1590.309,386.096,-1024.428,-2410.150,-3449.797,-3832.938,-3375.728,-2102.704,-258.876,1754.786,3497.880,4614.664,4921.357,4431.069,3317.719,1842.613,275.734,-1162.538,-2328.468,-3154.502,-3632.856,-3794.680,-3691.526,-3380.872,-2915.159,-2334.081,-1661.165,-906.045,-72.708,828.238,1767.282,2688.694,3512.101,4144.227,4498.395,4516.354,4185.598,3546.302,2684.926,1715.763,755.699,-100.018,-793.446,-1306.754,-1652.892,-1859.579,-1954.087,-1954.880,-1872.118,-1714.504,-1497.240,-1245.991,-994.414,-776.410,-616.982,-526.099,-498.254,-517.420,-564.610,-624.359,-687.558,-750.224,-809.810,-861.518,-896.617,-903.512,-870.910,-791.590,-665.101,-498.263,-303.327,-94.607,114.932,315.713,501.503,667.760,809.752,922.005,999.841,1042.356,1055.042,1050.045,1043.100,1047.915,1070.338,1105.037,1136.398,1143.429,1106.645,1014.167,864.871,667.930,439.668,199.405,-34.148,-245.197,-421.878,-556.402,-644.802,-686.567,-684.270,-643.137,-570.533,-475.396,-367.823,-258.886,-160.535,-85.070,-43.668,-43.895,-86.866,-165.390,-264.345,-363.752,-443.720,-489.504,-494.735,-461.719,-399.031,-317.819,-228.605,-139.850,-58.308,9.856,58.499,82.245,78.199,47.552,-3.943,-66.995,-130.791,-185.090,-221.727,-235.377,-223.847,-188.194,-132.624,-63.899,9.960,81.513,145.644,200.419,246.551,285.630,317.992,341.436,351.605,344.000,316.647,272.057,217.432,162.954,118.907,92.794,87.513,101.042,127.535,159.317,189.144,212.083,226.420,233.284,235.121,233.773,229.145,219.184,201.126,173.253,136.135,92.719,47.276,3.801,-35.400,-70.425,-103.632,-138.794,-179.798,-229.216,-287.127,-350.560,-413.846,-469.839,-511.635,-534.181,-535.251,-515.542,-478.042,-427.085,-367.455,-303.729,-239.782,-178.334,-120.565,-66.070,-13.418,38.736,90.503,140.284,185.400,223.538,254.127,278.686,299.850,319.661,338.214,353.482,362.332,361.978,350.962,329.207,297.363,256.149,206.288,149.126,87.491,26.072,-29.131,-72.198,-98.907,-107.874,-100.827,-82.106,-57.789,-34.701,-19.291,-16.233,-26.949,-48.684,-74.887,-97.102,-107.768,-102.724,-82.378,-51.192,-15.930,16.533,41.035,55.154,59.291,55.892,48.129,38.516,28.023,16.052,1.208,-17.545,-39.936,-64.032,-86.615,-104.150,-114.055,-115.807,-111.375,-104.635,-99.847,-99.818,-104.670,-111.842,-117.342,-117.565,-110.791,-97.735,-81.059,-64.186,-49.936,-39.459,-31.798,-24.310,-13.861,1.633,22.042,44.881,66.358,83.053,93.321,97.690,98.189,97.165,96.378,96.781,98.891,103.222,110.280,120.029,131.184,140.901,145.296,140.700,125.129,99.222,66.181,30.721,-2.460,-30.037,-50.754,-65.366,-76.018,-85.308,-95.246,-106.334,-117.074,-124.223,-123.930,-113.510,-93.135,-66.503,-39.771,-18.867,-6.546,-1.450,-0.151, 
3,2,1,512,0,1662046034,1,TBIM070422B_29,baseclick,,,,70.000000,0.100000,1.000000,20.000000,0.000000,0.000000,0.000000,0.000000,0.000000,0.000000,,-1.000,0.000,-1.000,0.000,-1.000,0.000,-1.000,0.000,-1.000,0.000,-1.000,0.000,-1.000,0.000,-1.000,0.000,-1.000,0.000,-1.000,0.000,,40.960,366,0.000,,-68.465,-99.840,-126.410,-144.568,-153.047,-152.144,-142.624,-125.134,-100.418,-69.952,-36.311,-2.652,28.733,58.121,89.190,128.000,179.915,245.403,316.632,377.291,407.636,395.056,347.502,303.820,333.254,518.292,921.688,1547.815,2315.945,3062.866,3581.815,3687.314,3279.906,2381.028,1120.668,-316.124,-1756.349,-3085.595,-4252.409,-5233.593,-5985.893,-6416.976,-6397.374,-5811.869,-4626.196,-2934.447,-959.603,999.206,2653.632,3810.758,4418.446,4551.746,4348.509,3927.355,3330.669,2523.371,1449.387,116.011,-1341.598,-2657.053,-3502.833,-3608.878,-2878.078,-1445.141,350.672,2070.109,3313.211,3837.516,3611.847,2792.837,1644.103,437.811,-622.037,-1432.341,-1980.327,-2307.390,-2469.804,-2512.317,-2459.126,-2317.352,-2084.699,-1755.317,-1322.665,-781.820,-134.139,605.170,1399.352,2186.975,2887.237,3414.213,3696.278,3694.024,3410.033,2886.970,2195.178,1414.868,619.547,-134.071,-807.776,-1376.921,-1823.026,-2128.536,-2276.682,-2256.535,-2070.559,-1740.599,-1308.814,-832.358,-373.309,12.782,286.077,427.036,436.089,329.739,135.153,-115.077,-387.217,-649.749,-876.121,-1047.003,-1151.728,-1188.391,-1162.306,-1083.124,-961.552,-806.866,-626.027,-424.429,-207.574,17.326,240.614,450.624,635.187,783.888,890.564,955.361,985.443,993.642,994.940,1001.742,1019.639,1045.430,1068.323,1073.902,1049.287,987.482,889.268,762.133,616.956,464.122,310.874,160.955,16.362,-120.066,-242.886,-344.246,-416.079,-453.270,-456.240,-431.637,-390.754,-346.379,-309.476,-286.985,-281.289,-291.012,-312.323,-340.029,-368.306,-391.336,-404.248,-404.357,-392.171,-371.448,-347.894,-326.881,-311.205,-299.997,-289.339,-274.220,-250.877,-218.532,-179.948,-140.737,-107.737,-86.930,-81.522,-90.717,-109.594,-130.153,-143.228,-140.679,-117.261,-71.675,-6.629,72.017,156.698,239.740,314.610,376.488,422.200,449.875,458.790,449.556,424.409,387.125,342.357,294.617,247.407,202.925,162.308,126.047,94.155,66.008,40.181,14.706,-12.105,-40.630,-69.335,-95.071,-114.204,-124.005,-123.588,-114.024,-97.751,-77.759,-56.969,-37.874,-22.321,-11.274,-4.620,-1.255,0.472,2.068,4.319,7.117,9.745,11.382,11.514,10.039,7.108,2.893,-2.466,-8.670,-14.984,-20.179,-22.909,-22.382,-18.914,-13.936,-9.371,-6.705,-6.341,-7.643,-9.660,-12.013,-15.336,-20.928,-29.845,-42.053,-56.172,-69.959,-81.127,-88.017,-89.829,-86.555,-78.870,-68.145,-56.393,-45.891,-38.439,-34.584,-33.351,-32.747,-30.801,-26.465,-19.854,-11.759,-2.921,6.321,15.813,25.052,32.899,37.807,38.448,34.270,25.629,13.535,-0.666,-15.376,-28.616,-37.987,-41.033,-36.004,-22.678,-2.786,20.243,42.123,58.848,67.720,67.980,60.903,49.322,36.746,26.316,19.958,18.004,19.423,22.531,25.858,28.805,31.744,35.546,40.770,47.016,52.842,56.369,56.270,52.622,47.133,42.558,41.510,45.141,52.340,59.859,63.401,59.240,45.719,24.017,-2.137,-27.720,-48.237,-61.364,-67.736,-70.439,-73.435,-79.603,-89.309,-100.130,-107.845,-108.264,-99.167,-81.520,-59.406,-38.588,-24.260,-18.927,-21.380,-27.265,-30.970,-27.933,-16.299,2.740,25.811,48.762,67.828,80.200,84.177,79.307,66.686,49.137,30.757,15.583,5.921,1.478,0.179, 
4,3,1,512,0,1662046059,1,TBIM070422B_29,baseclick,,,,60.000000,0.100000,1.000000,30.000000,0.000000,0.000000,0.000000,0.000000,0.000000,0.000000,,-1.000,0.000,-1.000,0.000,-1.000,0.000,-1.000,0.000,-1.000,0.000,-1.000,0.000,-1.000,0.000,-1.000,0.000,-1.000,0.000,-1.000,0.000,,40.960,366,0.000,,39.848,44.280,40.220,29.230,14.997,1.212,-10.031,-18.567,-25.528,-32.547,-41.242,-52.775,-67.064,-81.655,-90.968,-86.954,-61.683,-11.334,60.073,139.279,206.366,241.723,236.200,201.448,175.909,221.447,407.350,783.048,1347.462,2028.261,2684.325,3137.270,3224.809,2856.170,2045.375,905.983,-391.357,-1678.555,-2837.811,-3814.859,-4594.483,-5156.607,-5442.652,-5356.304,-4803.008,-3749.359,-2269.975,-553.270,1142.681,2567.587,3555.259,4063.863,4162.376,3971.933,3593.162,3057.710,2330.123,1360.340,159.493,-1143.791,-2303.659,-3024.955,-3075.156,-2390.886,-1127.171,378.409,1715.502,2539.239,2679.407,2178.455,1249.977,183.573,-759.536,-1419.363,-1758.120,-1833.927,-1749.435,-1601.614,-1450.986,-1315.170,-1180.177,-1018.077,-801.642,-512.248,-142.473,303.154,807.029,1337.393,1849.415,2290.204,2607.541,2759.989,2725.153,2503.587,2117.540,1605.490,1014.442,392.198,-218.584,-783.290,-1274.876,-1670.853,-1949.982,-2091.516,-2078.930,-1907.411,-1591.510,-1168.191,-692.330,-225.607,176.746,476.007,653.680,709.290,655.195,511.601,303.294,57.663,-197.230,-435.298,-635.433,-783.776,-874.374,-908.136,-890.747,-830.355,-735.519,-613.618,-469.953,-307.948,-130.719,56.440,243.971,417.968,562.841,665.913,721.812,734.397,715.182,679.053,639.428,605.035,579.375,562.247,551.745,545.208,538.873,527.207,503.280,460.723,396.395,312.092,214.112,110.912,10.385,-81.586,-160.775,-223.384,-265.541,-284.430,-280.516,-259.163,-230.066,-204.227,-189.886,-189.537,-199.599,-212.644,-220.791,-218.491,-203.787,-178.196,-145.903,-112.739,-84.926,-67.476,-62.591,-68.846,-81.861,-96.400,-108.883,-118.932,-129.098,-142.990,-162.941,-188.544,-216.723,-243.020,-263.119,-273.709,-272.502,-257.969,-229.512,-188.229,-137.616,-83.276,-31.272,14.105,51.760,83.362,111.290,136.330,156.745,169.368,171.996,165.452,153.929,143.376,138.877,142.546,152.969,166.281,178.083,185.221,186.794,184.215,180.530,179.258,183.046,192.493,205.598,218.193,225.380,223.446,211.320,190.774,165.177,137.529,108.964,78.706,45.489,9.434,-26.969,-59.582,-84.622,-100.631,-109.103,-113.451,-117.167,-122.447,-129.992,-139.679,-151.149,-163.670,-175.492,-183.542,-184.221,-175.127,-156.691,-132.493,-107.865,-87.531,-73.741,-65.977,-62.180,-60.443,-59.932,-60.586,-62.117,-63.315,-62.253,-57.206,-47.511,-33.747,-17.186,0.941,19.717,38.136,54.441,65.976,70.077,65.724,54.900,42.468,34.193,33.847,41.154,51.953,60.523,62.602,57.189,46.182,32.454,17.958,3.220,-11.665,-25.654,-36.359,-41.166,-39.095,-31.959,-23.766,-18.597,-18.313,-21.629,-25.152,-25.563,-21.351,-12.968,-1.604,12.121,28.248,46.280,63.877,76.935,81.476,76.200,63.831,50.042,40.489,37.861,40.891,45.895,49.624,51.308,52.528,55.162,59.105,61.549,58.422,46.963,27.626,4.002,-19.085,-37.921,-51.148,-59.322,-63.491,-64.077,-60.912,-54.182,-45.279,-36.611,-30.376,-27.224,-25.945,-24.519,-21.804,-18.543,-16.867,-18.662,-24.059,-31.262,-37.854,-42.537,-45.878,-49.436,-53.911,-57.812,-57.713,-50.025,-33.086,-8.199,20.900,49.575,73.708,90.273,97.248,93.635,80.063,59.540,37.226,18.607,6.885,1.654,0.191, 
5,4,1,512,0,1662046084,1,TBIM070422B_29,baseclick,,,,50.000000,0.100000,1.000000,40.000000,0.000000,0.000000,0.000000,0.000000,0.000000,0.000000,,-1.000,0.000,-1.000,0.000,-1.000,0.000,-1.000,0.000,-1.000,0.000,-1.000,0.000,-1.000,0.000,-1.000,0.000,-1.000,0.000,-1.000,0.000,,40.960,366,0.000,,-71.740,-102.691,-127.689,-144.005,-152.160,-154.827,-155.174,-155.643,-157.494,-160.856,-164.872,-167.783,-167.058,-159.785,-143.284,-115.747,-76.634,-26.825,31.279,93.496,153.553,203.291,234.309,241.776,230.131,218.655,243.345,351.306,586.032,966.300,1466.006,2004.803,2457.453,2683.306,2568.464,2065.825,1216.469,141.664,-993.355,-2029.740,-2858.041,-3435.291,-3770.376,-3888.489,-3796.822,-3472.770,-2882.548,-2019.563,-938.924,234.825,1335.230,2205.302,2747.494,2947.248,2859.309,2566.200,2133.229,1585.887,922.420,153.631,-655.221,-1369.392,-1812.907,-1833.432,-1375.447,-525.271,497.877,1406.171,1938.237,1946.189,1440.033,574.374,-413.007,-1283.112,-1866.200,-2097.941,-2015.065,-1720.273,-1335.119,-959.411,-648.621,-411.454,-222.300,-40.174,173.386,441.856,767.949,1133.760,1505.352,1840.178,2095.623,2236.852,2242.358,2106.292,1837.677,1457.452,994.628,482.661,-43.413,-549.101,-1002.262,-1375.086,-1646.298,-1803.135,-1842.304,-1769.478,-1597.642,-1345.206,-1034.750,-692.443,-347.329,-29.392,233.964,422.252,525.491,545.573,494.839,392.422,259.637,115.780,-24.675,-153.032,-265.572,-361.459,-440.195,-499.569,-534.905,-539.957,-509.095,-439.929,-335.289,-203.802,-58.775,84.298,210.942,310.787,379.680,420.170,440.051,449.304,456.420,465.527,475.515,481.529,478.049,462.051,434.744,401.153,367.929,340.553,321.244,308.375,297.432,282.909,260.328,227.669,185.846,138.186,89.157,42.822,1.566,-34.387,-66.467,-96.497,-125.341,-152.211,-175.017,-191.574,-201.038,-204.823,-206.529,-210.820,-221.615,-240.369,-265.245,-291.750,-314.669,-330.445,-338.747,-342.357,-345.378,-350.756,-358.470,-365.369,-366.686,-358.330,-338.704,-309.149,-272.913,-233.355,-192.393,-149.946,-104.518,-54.502,0.497,58.891,117.166,170.735,215.249,247.945,268.516,279.104,283.347,284.858,285.917,287.069,287.732,287.239,285.444,282.463,277.879,270.258,257.626,238.770,214.525,188.063,163.795,145.365,133.854,127.163,120.887,110.152,91.486,63.961,29.310,-8.827,-46.115,-78.786,-104.573,-123.096,-135.637,-144.435,-151.793,-159.247,-167.047,-174.113,-178.557,-178.675,-173.983,-165.731,-156.447,-148.607,-143.157,-138.791,-132.525,-121.272,-103.525,-80.184,-54.134,-28.914,-7.256,9.766,22.706,33.045,42.298,51.375,60.391,68.856,76.046,81.336,84.378,85.117,83.694,80.323,75.236,68.734,61.353,54.015,48.021,44.742,45.048,48.663,53.815,57.492,56.364,48.046,32.136,10.469,-13.542,-36.108,-54.191,-66.054,-71.189,-69.983,-63.524,-53.671,-43.184,-35.508,-33.996,-40.704,-55.268,-74.499,-93.088,-105.340,-107.285,-98.293,-81.418,-62.234,-46.563,-38.062,-36.732,-39.046,-39.674,-34.012,-20.309,-0.384,21.438,40.635,54.870,65.177,75.250,89.123,108.436,130.758,150.007,158.913,152.424,130.364,97.955,63.849,36.594,21.310,18.157,23.187,30.844,36.618,38.483,36.650,32.191,25.644,16.506,3.832,-12.624,-31.616,-50.564,-66.594,-77.796,-83.883,-85.891,-85.224,-82.753,-78.564,-72.362,-64.085,-54.245,-43.820,-33.928,-25.545,-19.357,-15.655,-14.183,-14.010,-13.564,-10.976,-4.674,5.924,19.886,34.668,46.611,52.081,49.013,38.253,23.756,10.885,3.214,0.451, 
6,5,1,512,0,1662046108,1,TBIM070422B_29,baseclick,,,,40.000000,0.100000,1.000000,50.000000,0.000000,0.000000,0.000000,0.000000,0.000000,0.000000,,-1.000,0.000,-1.000,0.000,-1.000,0.000,-1.000,0.000,-1.000,0.000,-1.000,0.000,-1.000,0.000,-1.000,0.000,-1.000,0.000,-1.000,0.000,,40.960,366,0.000,,-48.713,-67.900,-83.348,-94.003,-100.470,-103.955,-105.247,-104.359,-100.873,-94.602,-86.090,-76.671,-68.020,-61.421,-57.079,-53.809,-49.282,-40.713,-25.736,-3.186,26.330,60.063,93.069,118.862,131.317,128.125,115.176,110.049,141.971,245.958,450.757,763.216,1154.724,1556.547,1869.237,1986.430,1827.069,1364.938,643.384,-232.413,-1124.414,-1901.260,-2472.307,-2802.281,-2902.069,-2803.313,-2532.720,-2101.232,-1513.580,-790.687,11.090,798.594,1462.594,1911.445,2100.351,2040.808,1785.919,1400.980,937.058,423.033,-120.134,-653.624,-1102.776,-1363.312,-1335.016,-969.538,-308.645,508.784,1278.938,1793.945,1907.477,1579.407,883.795,-19.632,-936.563,-1691.844,-2168.816,-2325.600,-2188.987,-1833.113,-1352.353,-836.696,-354.675,54.460,380.309,635.022,843.852,1034.884,1229.758,1436.854,1648.181,1840.822,1982.818,2041.975,1994.816,1832.629,1562.717,1205.003,786.127,333.836,-126.262,-571.258,-979.981,-1332.195,-1609.046,-1794.742,-1878.674,-1857.168,-1734.481,-1523.074,-1243.175,-921.432,-588.378,-274.729,-7.108,195.779,325.418,383.545,380.119,330.031,249.741,154.751,58.230,-29.462,-100.832,-151.209,-178.634,-183.574,-168.375,-136.516,-91.845,-38.031,21.542,83.478,143.916,198.392,242.379,272.475,287.720,290.267,284.878,277.279,272.057,271.044,272.883,273.902,269.809,257.472,236.127,207.668,175.991,145.646,120.246,101.249,87.660,76.876,66.366,55.336,45.435,39.941,41.680,50.727,63.234,72.243,70.344,52.963,20.654,-20.791,-62.549,-96.218,-116.879,-124.385,-122.481,-116.490,-110.906,-108.051,-108.166,-110.486,-114.449,-120.294,-128.805,-140.473,-154.648,-169.234,-181.130,-187.211,-185.329,-174.920,-157.050,-134.037,-108.893,-84.731,-64.206,-48.989,-39.408,-34.420,-32.045,-30.168,-27.366,-23.313,-18.516,-13.567,-8.434,-2.302,5.909,16.713,29.494,42.589,53.960,62.043,66.336,67.429,66.523,64.694,62.277,58.662,52.663,43.305,30.725,16.699,4.400,-2.689,-2.314,5.377,17.745,30.845,41.278,47.739,51.428,55.159,61.663,71.953,84.530,95.849,101.876,100.082,90.907,77.920,66.484,61.551,65.637,77.980,95.129,112.537,126.215,133.701,134.059,127.206,113.233,92.235,64.762,32.449,-1.806,-34.461,-62.508,-84.518,-100.917,-113.349,-123.583,-132.595,-140.303,-145.904,-148.482,-147.488,-142.923,-135.329,-125.704,-115.358,-105.625,-97.400,-90.722,-84.734,-78.206,-70.413,-61.801,-53.922,-48.517,-46.266,-45.974,-44.784,-39.373,-27.582,-9.670,11.377,30.678,43.148,45.444,37.363,22.091,5.125,-7.680,-12.074,-6.581,7.462,26.795,47.528,66.374,81.479,92.672,101.075,108.234,115.138,121.592,126.232,127.159,122.853,112.915,98.263,80.717,62.212,44.097,26.860,10.368,-5.651,-21.207,-35.952,-49.355,-60.966,-70.555,-78.033,-83.242,-85.801,-85.195,-81.085,-73.639,-63.648,-52.310,-40.766,-29.678,-19.103,-8.773,1.344,10.541,17.287,19.754,16.796,8.911,-1.423,-10.388,-14.291,-11.154,-1.635,11.222,23.290,31.059,32.913,29.453,22.863,15.758,10.139,6.826,5.436,4.737,3.178,-0.478,-6.536,-13.995,-20.726,-24.336,-23.418,-18.445,-11.618,-5.589,-1.899,-0.397,-0.037, 
7,6,1,512,0,1662046133,1,TBIM070422B_29,baseclick,,,,30.000000,0.100000,1.000000,60.000000,0.000000,0.000000,0.000000,0.000000,0.000000,0.000000,,-1.000,0.000,-1.000,0.000,-1.000,0.000,-1.000,0.000,-1.000,0.000,-1.000,0.000,-1.000,0.000,-1.000,0.000,-1.000,0.000,-1.000,0.000,,40.960,366,0.000,,-109.809,-141.362,-153.144,-142.302,-113.205,-74.769,-36.605,-6.006,13.288,20.756,18.020,7.825,-6.559,-21.555,-33.433,-38.631,-34.365,-19.417,5.148,35.739,66.785,92.121,106.813,108.732,99.274,82.980,66.341,56.385,59.687,82.194,129.754,208.566,324.382,479.510,667.724,868.864,1046.233,1149.933,1127.412,939.217,574.805,62.007,-534.587,-1126.962,-1624.561,-1955.469,-2080.640,-1997.222,-1731.809,-1328.381,-836.803,-305.776,219.401,696.711,1088.014,1361.875,1497.760,1489.097,1342.938,1075.975,709.434,266.783,-223.075,-718.534,-1159.736,-1471.979,-1581.736,-1441.695,-1054.440,-482.617,161.576,745.364,1151.991,1310.851,1210.862,894.863,440.680,-61.874,-530.178,-900.631,-1133.642,-1214.117,-1149.283,-964.478,-696.947,-388.091,-75.504,213.412,464.730,677.515,859.951,1023.316,1175.631,1316.896,1437.411,1519.740,1543.657,1492.368,1357.827,1143.341,862.705,536.489,187.214,-164.588,-502.068,-811.463,-1080.454,-1297.120,-1450.574,-1533.083,-1542.417,-1482.932,-1364.574,-1200.231,-1002.770,-783.257,-551.111,-315.742,-88.320,117.803,288.663,412.750,484.156,504.314,481.495,428.277,358.135,282.556,209.675,144.586,90.573,50.206,25.510,17.145,23.313,39.346,58.577,74.283,81.801,79.754,69.868,55.632,40.602,27.168,16.232,7.726,1.595,-1.272,1.327,12.413,34.494,67.901,109.589,153.160,190.401,213.874,219.536,208.228,185.336,158.733,135.877,121.295,115.413,115.087,115.463,112.239,103.359,89.437,72.889,56.365,41.399,27.911,14.637,0.007,-17.103,-37.019,-59.236,-82.498,-104.964,-124.604,-139.889,-150.508,-157.679,-163.753,-171.245,-181.741,-195.202,-209.913,-223.026,-231.411,-232.499,-224.849,-208.400,-184.453,-155.514,-124.975,-96.539,-73.371,-57.146,-47.386,-41.513,-35.773,-26.813,-13.253,3.507,19.792,31.352,35.544,32.937,27.499,25.189,31.579,49.554,78.137,112.897,147.672,176.747,196.517,206.062,206.620,200.439,189.618,175.440,158.409,138.840,117.608,96.549,78.237,65.195,58.863,58.755,62.172,64.695,61.453,48.819,25.908,-4.855,-38.445,-69.010,-91.938,-105.345,-110.363,-110.210,-108.512,-107.676,-108.024,-108.035,-105.462,-98.717,-87.781,-74.261,-60.661,-49.316,-41.483,-36.921,-34.049,-30.574,-24.349,-14.152,-0.100,16.412,33.151,47.663,57.900,62.762,62.482,58.670,53.866,50.638,50.551,53.539,57.993,61.523,61.925,57.811,48.633,34.272,14.652,-10.189,-39.543,-71.358,-102.035,-127.063,-142.381,-145.860,-138.168,-122.564,-103.652,-85.635,-70.778,-58.761,-47.166,-32.978,-14.424,7.697,29.983,47.863,57.882,59.665,56.417,53.556,56.153,66.500,83.076,101.373,116.020,123.077,121.400,112.601,99.827,86.072,72.848,59.761,45.121,27.216,5.605,-18.230,-41.191,-59.657,-70.827,-73.686,-69.260,-60.147,-49.599,-40.553,-34.945,-33.477,-35.776,-40.743,-46.884,-52.574,-56.307,-56.964,-54.046,-47.739,-38.762,-28.114,-16.898,-6.284,2.482,8.224,10.203,8.586,4.737,1.107,0.653,5.919,18.058,36.123,56.958,75.850,87.848,89.336,79.265,59.522,34.304,8.765,-12.457,-26.324,-31.822,-29.843,-22.768,-13.846,-6.263,-1.840,-0.258, 
8,7,1,512,0,1662046158,1,TBIM070422B_29,baseclick,,,,20.000000,0.100000,1.000000,70.000000,0.000000,0.000000,0.000000,0.000000,0.000000,0.000000,,-1.000,0.000,-1.000,0.000,-1.000,0.000,-1.000,0.000,-1.000,0.000,-1.000,0.000,-1.000,0.000,-1.000,0.000,-1.000,0.000,-1.000,0.000,,40.960,366,0.000,,94.601,120.401,130.725,123.309,100.155,65.520,24.207,-18.956,-59.009,-91.042,-111.100,-117.354,-110.738,-94.579,-73.375,-51.351,-31.439,-14.964,-1.970,8.131,15.906,21.500,24.579,24.607,21.300,15.036,7.028,-0.894,-6.848,-9.556,-8.726,-4.789,1.973,12.461,29.185,55.515,93.779,142.961,197.126,245.511,274.558,271.368,227.435,141.446,20.274,-122.010,-266.634,-393.345,-483.623,-523.491,-505.719,-431.220,-309.261,-156.122,7.839,162.174,290.342,382.573,436.789,457.404,452.470,430.160,395.721,349.910,289.386,208.962,104.978,-21.332,-161.773,-301.447,-421.657,-504.738,-539.191,-523.186,-465.122,-381.055,-290.044,-209.106,-149.390,-114.539,-101.366,-102.182,-107.745,-109.777,-102.433,-82.643,-49.724,-4.744,50.056,111.742,177.130,243.204,307.384,367.558,421.912,468.741,506.410,533.484,548.855,551.676,541.068,515.804,474.315,415.139,337.680,242.862,133.369,13.423,-111.697,-236.168,-354.063,-459.757,-548.332,-615.952,-660.153,-680.029,-676.299,-651.203,-608.144,-551.029,-483.524,-408.519,-328.080,-243.873,-157.739,-72.027,10.532,87.272,155.990,215.022,262.961,298.338,319.659,325.945,317.570,296.875,268.062,236.217,205.776,179.134,156.123,134.772,113.025,90.498,69.149,52.308,42.499,39.387,39.196,36.156,25.313,5.214,-20.942,-46.315,-63.097,-65.616,-52.547,-27.348,3.093,30.950,50.018,57.410,53.911,43.154,30.163,19.887,16.071,20.517,32.644,49.408,65.823,76.253,76.267,64.340,42.522,15.599,-10.989,-33.432,-50.890,-65.204,-79.268,-95.056,-112.420,-129.191,-142.329,-149.341,-149.198,-142.453,-130.678,-115.625,-98.564,-80.074,-60.356,-39.858,-19.809,-2.268,10.468,16.859,16.986,12.775,7.331,3.602,2.934,4.240,4.291,-0.840,-13.730,-33.914,-57.451,-78.106,-89.656,-88.242,-73.640,-48.947,-19.058,11.143,37.977,59.258,73.979,81.919,83.528,79.993,73.240,65.628,59.399,56.086,56.129,58.859,62.875,66.755,69.868,72.932,77.904,87.078,101.660,120.490,139.666,153.490,156.515,145.872,122.750,92.191,61.118,35.452,17.695,6.241,-3.241,-15.054,-30.854,-48.550,-63.325,-70.200,-66.812,-54.980,-40.303,-30.050,-30.340,-43.886,-69.158,-101.136,-133.160,-159.018,-174.503,-178.065,-170.672,-155.240,-135.920,-117.250,-103.130,-95.714,-94.649,-97.135,-98.988,-96.321,-87.105,-71.849,-53.115,-34.164,-17.489,-3.926,7.314,17.916,29.526,43.055,58.419,74.651,90.245,103.634,113.671,119.955,122.843,123.141,121.708,119.244,116.390,113.952,112.929,114.189,117.960,123.481,129.125,132.932,133.249,129.099,120.143,106.473,88.553,67.397,44.721,22.650,2.867,-14.389,-30.726,-48.896,-71.172,-97.669,-125.652,-150.347,-166.904,-172.472,-167.357,-154.753,-139.318,-125.380,-115.601,-110.572,-109.233,-109.634,-109.525,-106.628,-98.808,-84.488,-63.352,-36.923,-8.462,18.065,39.521,54.784,64.892,72.103,78.516,85.136,91.814,97.876,102.804,106.445,108.700,109.041,106.314,99.030,85.983,66.904,42.819,15.989,-10.589,-33.898,-51.551,-62.115,-65.070,-60.691,-50.127,-35.686,-20.818,-9.156,-2.635,-0.363, 
9,8,1,512,0,1662046183,1,TBIM070422B_29,baseclick,,,,10.000000,0.100000,1.000000,80.000000,0.000000,0.000000,0.000000,0.000000,0.000000,0.000000,,-1.000,0.000,-1.000,0.000,-1.000,0.000,-1.000,0.000,-1.000,0.000,-1.000,0.000,-1.000,0.000,-1.000,0.000,-1.000,0.000,-1.000,0.000,,40.960,366,0.000,,18.080,21.454,24.175,28.367,36.051,47.549,60.712,71.499,75.618,70.391,56.024,35.762,14.896,-1.032,-8.160,-5.620,4.321,17.351,28.911,35.801,36.834,32.336,22.992,8.923,-10.320,-34.786,-62.843,-90.448,-111.602,-119.958,-111.026,-84.117,-43.281,3.270,45.302,73.725,83.712,76.458,58.636,39.597,27.447,25.805,32.738,42.285,47.675,44.556,32.749,15.925,-0.331,-10.975,-13.361,-7.820,3.095,16.191,29.162,41.224,52.477,62.430,68.772,67.467,54.474,28.247,-8.471,-48.827,-84.099,-106.937,-113.961,-106.492,-89.233,-67.777,-46.265,-26.311,-7.516,10.968,28.813,43.816,52.485,51.607,39.951,19.246,-6.041,-30.022,-47.232,-54.290,-50.829,-39.429,-24.682,-11.808,-5.325,-8.208,-21.618,-45.021,-76.447,-112.737,-149.860,-183.362,-208.865,-222.438,-220.760,-201.234,-162.356,-104.444,-30.472,53.594,139.470,218.290,282.829,329.255,357.607,370.722,372.117,363.787,344.925,312.147,261.122,188.973,96.485,-10.716,-122.497,-226.029,-308.513,-359.968,-375.202,-354.442,-302.634,-227.885,-139.675,-47.327,41.098,119.527,184.263,233.942,268.942,290.254,298.165,291.297,266.545,220.168,149.823,56.841,-52.221,-165.647,-268.560,-346.359,-388.464,-391.059,-357.921,-299.149,-228.277,-158.723,-100.661,-59.244,-34.583,-23.276,-20.710,-23.149,-28.868,-37.989,-51.200,-67.938,-84.851,-95.432,-91.290,-64.901,-12.889,61.557,148.317,232.516,298.666,335.373,338.802,313.517,270.348,222.236,179.888,148.970,129.688,118.343,109.690,98.935,82.841,60.150,31.726,0.527,-28.861,-51.516,-64.099,-66.626,-62.998,-59.715,-63.142,-76.604,-98.743,-123.991,-144.899,-155.225,-152.393,-138.418,-119.124,-102.166,-94.640,-100.966,-121.537,-152.421,-186.230,-214.022,-227.735,-222.425,-197.492,-156.468,-105.518,-51.324,0.770,47.677,88.355,122.809,150.958,172.087,185.205,190.051,188.016,182.189,176.260,172.781,171.764,170.495,164.799,151.128,128.465,99.079,67.841,40.478,21.550,12.910,13.069,17.569,20.283,15.404,-0.390,-26.391,-57.762,-87.171,-107.537,-114.642,-108.389,-92.273,-71.518,-50.966,-33.667,-20.620,-11.434,-5.369,-2.149,-2.223,-6.422,-15.252,-28.217,-43.586,-58.800,-71.352,-79.657,-83.392,-83.165,-79.800,-73.773,-65.156,-54.022,-40.913,-26.968,-13.560,-1.682,8.542,17.923,27.835,39.648,54.230,71.672,91.202,111.211,129.366,142.872,148.935,145.348,131.095,106.778,74.720,38.684,3.172,-27.547,-50.470,-64.606,-71.085,-72.480,-71.550,-69.976,-67.722,-63.390,-55.367,-43.128,-27.990,-12.916,-1.452,3.690,1.742,-5.836,-16.048,-25.685,-32.610,-36.400,-38.113,-39.399,-41.458,-44.291,-46.507,-45.679,-39.148,-25.047,-3.286,23.857,51.887,75.158,88.636,89.675,78.975,60.205,38.454,18.297,2.435,-8.559,-15.432,-19.021,-19.325,-15.398,-6.091,8.754,27.348,45.827,59.246,63.379,56.545,40.554,20.186,1.368,-11.172,-15.720,-14.083,-10.576,-9.959,-15.224,-26.283,-40.176,-52.654,-60.232,-61.513,-57.152,-48.730,-37.607,-24.641,-10.856,1.789,10.597,13.552,11.021,5.999,1.990,0.302, 
