SGI,Rec No.,Gain,No. Avgs,No. Arts,Time,Chan,Sub. ID,Sub. Ref-1,Sub. Ref-2,Sub. Memo,,Freq(Hz),Level(dB),Atten-A(dB),Phase(deg),Duration(ms),GateTime(ms),..........(),..........(),..........(),..........(),,T1(ms),V1(nv),T2(ms),V2(nv),T3(ms),V3(nv),T4(ms),V4(nv),T5(ms),V5(nv),T6(ms),V6(nv),T7(ms),V7(nv),T8(ms),V8(nv),T9(ms),V9(nv),T10(ms),V10(nv),,Samp. Per.,No. Samps.,O.S. Time,Data(nv)...
39,0,20,512,0,1662562105,1,CBAF062122C_16k,,,,,90.000000,16000.000000,90.000000,90.000000,5.000000,2.000000,0.000000,0.000000,0.000000,0.000000,,-1.000,0.000,-1.000,0.000,-1.000,0.000,-1.000,0.000,-1.000,0.000,-1.000,0.000,-1.000,0.000,-1.000,0.000,-1.000,0.000,-1.000,0.000,,40.960,366,0.000,,48.383,66.519,76.851,75.869,62.752,39.207,8.700,-24.494,-56.286,-83.723,-105.708,-123.121,-138.110,-152.655,-167.026,-178.957,-184.117,-177.815,-157.201,-122.947,-79.628,-34.603,4.107,30.049,39.791,33.196,12.794,-16.979,-49.991,-78.107,-91.270,-79.115,-34.449,42.588,141.941,244.637,327.729,371.598,366.883,318.621,246.489,181.429,159.673,215.047,370.105,626.894,959.439,1311.345,1602.078,1743.186,1661.599,1322.989,746.559,4.802,-792.832,-1527.057,-2097.079,-2440.237,-2537.210,-2403.703,-2075.659,-1597.287,-1017.965,-397.009,191.485,663.305,942.519,988.061,814.830,495.251,135.999,-162.016,-342.201,-410.598,-424.849,-459.292,-563.427,-733.935,-913.274,-1014.719,-961.211,-719.753,-316.468,172.657,649.208,1024.880,1245.722,1300.378,1212.706,1025.655,785.227,530.741,292.672,95.182,-40.943,-98.047,-64.657,59.708,260.618,508.164,761.081,975.125,1113.477,1155.922,1103.804,979.093,817.780,659.431,535.870,462.316,433.690,427.097,409.314,346.470,212.768,-3.846,-299.598,-655.767,-1041.635,-1418.906,-1747.309,-1990.840,-2123.613,-2133.913,-2025.303,-1814.515,-1526.854,-1190.639,-832.305,-473.461,-130.387,184.383,459.525,683.068,842.593,927.919,935.200,870.277,749.122,594.526,430.053,273.713,134.005,9.927,-105.157,-217.492,-327.333,-426.154,-497.952,-524.239,-490.774,-393.348,-240.368,-51.341,148.074,332.593,483.167,590.358,654.419,682.515,684.609,669.830,644.617,612.773,576.508,537.179,495.060,448.506,393.587,325.156,239.286,135.955,20.427,-97.650,-207.104,-298.664,-367.251,-412.187,-435.607,-440.295,-428.234,-400.361,-357.167,-299.390,-228.410,-146.388,-56.368,37.695,131.212,219.617,299.038,366.529,419.750,456.504,474.618,472.278,448.500,403.430,338.502,256.649,162.536,62.397,-36.901,-129.417,-211.547,-282.390,-342.779,-393.678,-435.083,-466.208,-486.670,-497.581,-501.536,-501.375,-498.647,-492.933,-482.561,-466.172,-443.927,-417.516,-389.024,-359.558,-328.612,-294.471,-255.268,-209.978,-158.932,-103.870,-47.724,5.715,52.383,88.960,114.226,130.167,141.941,156.278,178.839,211.968,254.158,301.483,349.844,396.432,439.466,476.701,504.121,516.103,507.329,475.506,423.374,358.777,292.517,234.849,192.126,165.038,149.132,137.236,122.607,101.350,73.145,40.267,5.782,-27.929,-59.556,-88.238,-112.648,-130.641,-139.851,-138.915,-128.539,-111.585,-91.962,-72.909,-55.721,-39.719,-23.469,-6.424,10.054,22.868,28.368,23.912,9.128,-13.551,-39.373,-62.780,-79.543,-88.607,-92.619,-96.681,-105.872,-122.815,-146.527,-173.032,-197.264,-215.188,-225.176,-228.155,-226.693,-223.609,-220.769,-218.535,-215.903,-211.024,-201.667,-185.495,-160.354,-124.962,-79.980,-28.825,22.670,68.145,103.417,128.441,147.162,165.081,185.825,208.747,228.985,239.975,236.890,219.072,190.268,156.915,125.716,101.733,87.424,82.379,83.457,85.474,82.774,71.548,51.861,28.033,6.758,-6.234,-9.111,-4.765,0.948,2.454,-2.688,-12.849,-23.628,-30.505,-31.377,-27.747,-23.997,-25.106,-33.878,-49.082,-65.584,-76.585,-76.982,-66.127,-48.494,-31.762,-23.172,-25.937,-37.568,-51.065,-58.520,-55.280,-42.352,-25.487,-11.351,-3.363,-0.535,-0.023,
41,1,20,512,0,1662562130,1,CBAF062122C_16k,,,,,80.000000,16000.000000,90.000000,90.000000,5.000000,2.000000,0.000000,0.000000,0.000000,0.000000,,-1.000,0.000,-1.000,0.000,-1.000,0.000,-1.000,0.000,-1.000,0.000,-1.000,0.000,-1.000,0.000,-1.000,0.000,-1.000,0.000,-1.000,0.000,,40.960,366,0.000,,-29.170,-44.139,-58.567,-70.651,-78.905,-82.191,-80.017,-72.961,-62.803,-51.981,-42.607,-35.697,-31.228,-29.065,-30.042,-36.319,-50.549,-74.265,-106.396,-142.785,-176.958,-201.800,-211.501,-203.173,-177.776,-140.127,-97.850,-59.289,-30.783,-14.208,-5.888,2.344,20.097,54.469,106.790,171.421,237.195,291.034,322.435,327.146,308.785,278.155,250.944,244.769,276.068,356.725,490.219,667.725,865.515,1045.503,1160.403,1163.504,1021.050,723.475,291.253,-227.533,-767.850,-1263.071,-1659.191,-1922.355,-2037.392,-1999.847,-1807.882,-1460.846,-967.474,-360.114,294.253,896.437,1335.689,1523.620,1427.489,1086.514,601.316,99.100,-310.777,-571.378,-688.231,-712.153,-705.030,-706.213,-715.608,-700.016,-617.004,-442.231,-185.876,108.964,383.107,583.574,680.546,672.641,580.637,434.971,263.913,87.354,-82.886,-238.761,-371.506,-469.558,-519.180,-506.593,-420.374,-253.907,-8.297,304.412,659.192,1019.353,1342.441,1589.521,1734.387,1768.676,1700.607,1548.213,1330.713,1062.331,751.213,403.065,26.692,-361.990,-739.601,-1078.654,-1352.977,-1542.917,-1638.459,-1639.546,-1554.012,-1394.394,-1174.934,-909.739,-612.445,-297.215,19.635,318.368,575.953,768.171,873.496,877.750,778.060,584.713,320.116,14.960,-297.454,-587.201,-832.401,-1021.345,-1151.651,-1226.960,-1252.536,-1231.480,-1163.064,-1043.845,-871.006,-646.311,-378.733,-84.439,215.817,500.571,751.083,953.219,1097.893,1180.956,1203.346,1171.377,1096.343,992.607,874.369,752.429,632.568,516.390,404.053,297.209,200.422,120.211,62.297,28.634,15.857,15.937,18.699,15.108,0.110,-25.916,-57.607,-86.845,-105.972,-110.621,-100.909,-80.664,-55.462,-30.837,-11.475,-1.156,-2.573,-16.491,-40.694,-69.782,-96.637,-115.256,-123.555,-124.477,-124.566,-130.555,-145.692,-167.779,-190.006,-204.172,-204.610,-190.800,-167.508,-142.599,-123.722,-115.423,-117.819,-127.249,-138.458,-147.254,-152.340,-155.407,-159.442,-166.243,-174.645,-180.565,-178.969,-166.648,-144.198,-116.028,-88.385,-66.558,-52.836,-46.200,-43.581,-41.593,-37.653,-30.132,-18.062,-1.085,20.157,43.636,66.119,83.986,94.242,95.142,86.289,68.530,44.092,16.961,-6.980,-20.691,-17.776,5.131,46.452,99.307,153.252,197.704,225.711,236.428,235.125,230.654,231.449,241.806,260.079,279.524,291.260,287.856,265.990,227.314,177.702,125.532,79.637,47.259,32.270,34.039,47.432,64.163,75.201,73.403,55.443,22.460,-20.529,-66.094,-106.283,-134.591,-147.640,-146.103,-134.551,-120.205,-110.938,-113.112,-129.849,-160.210,-199.519,-240.671,-275.938,-298.654,-304.450,-292.015,-263.405,-223.765,-180.214,-139.956,-108.212,-86.834,-74.197,-66.318,-58.517,-46.811,-28.636,-2.996,29.534,66.710,104.571,137.819,160.890,169.558,162.582,142.738,116.695,93.440,81.417,85.255,103.462,128.437,149.176,155.655,142.841,112.429,71.559,29.363,-6.798,-33.616,-51.809,-64.213,-73.287,-79.413,-80.858,-75.334,-62.224,-44.059,-26.204,-14.742,-13.667,-22.931,-38.308,-52.984,-59.985,-54.423,-34.858,-3.616,33.852,70.266,98.216,112.006,109.262,91.799,65.179,36.873,13.607,-0.929,-6.907,-7.394,-6.199,-5.793,-6.401,-6.695,-5.508,-3.170,-1.113,-0.177,
43,2,20,512,0,1662562155,1,CBAF062122C_16k,,,,,70.000000,16000.000000,90.000000,90.000000,5.000000,2.000000,0.000000,0.000000,0.000000,0.000000,,-1.000,0.000,-1.000,0.000,-1.000,0.000,-1.000,0.000,-1.000,0.000,-1.000,0.000,-1.000,0.000,-1.000,0.000,-1.000,0.000,-1.000,0.000,,40.960,366,0.000,,27.674,30.536,27.710,21.563,16.323,15.495,19.538,25.246,27.155,20.188,2.201,-24.731,-54.801,-80.535,-95.603,-97.203,-86.980,-70.061,-52.765,-40.188,-34.884,-37.012,-45.306,-57.866,-72.272,-85.517,-94.583,-97.905,-96.767,-95.118,-97.109,-103.419,-108.803,-103.071,-75.682,-21.705,54.223,138.343,212.494,260.740,274.860,256.705,217.184,173.008,142.677,142.747,184.667,272.068,398.524,546.401,687.881,789.118,817.409,749.728,579.862,321.355,4.858,-329.428,-641.552,-900.333,-1087.656,-1197.434,-1230.402,-1187.740,-1067.018,-862.911,-572.928,-205.900,210.684,628.644,984.936,1215.056,1270.354,1133.330,824.910,400.358,-65.185,-496.309,-834.936,-1049.982,-1137.048,-1110.552,-993.482,-809.848,-582.167,-332.869,-86.285,131.856,298.218,397.087,424.054,386.060,298.002,177.939,43.340,-90.331,-209.183,-300.192,-351.702,-355.336,-308.192,-213.587,-79.454,84.903,271.574,474.405,686.684,898.054,1093.362,1254.966,1367.508,1422.296,1418.655,1361.615,1257.620,1110.938,922.709,692.818,423.288,121.275,-199.806,-521.500,-823.245,-1085.734,-1293.504,-1436.194,-1508.704,-1510.834,-1446.797,-1324.565,-1154.797,-949.303,-719.555,-476.050,-229.022,9.912,226.484,404.254,527.296,584.236,572.010,497.793,378.284,236.302,95.395,-26.167,-120.113,-189.628,-246.541,-305.053,-374.547,-454.682,-534.820,-597.675,-625.185,-604.026,-528.953,-403.493,-238.505,-49.484,146.545,333.792,499.479,634.341,732.081,788.500,801.122,769.795,698.025,594.229,471.863,347.771,238.935,158.629,113.364,101.682,115.152,141.078,166.008,178.950,173.449,148.113,105.825,52.303,-5.218,-58.877,-100.832,-124.199,-124.567,-101.766,-60.964,-12.051,33.007,64.047,76.067,70.399,53.057,31.157,9.380,-11.640,-34.291,-61.126,-92.078,-123.511,-149.711,-165.906,-170.991,-168.390,-164.599,-166.172,-176.681,-195.049,-216.026,-232.587,-239.164,-234.201,-220.784,-205.045,-193.166,-188.514,-190.189,-193.478,-191.828,-179.524,-154.125,-117.864,-77.372,-41.621,-18.625,-12.133,-19.806,-33.937,-44.629,-44.059,-29.677,-4.732,24.041,50.136,70.350,85.720,100.096,117.250,138.044,159.174,174.388,177.904,168.296,150.475,134.124,129.020,139.743,162.853,188.169,203.322,198.976,172.144,126.607,71.142,16.942,-24.913,-45.834,-41.978,-15.801,24.155,65.897,98.350,115.460,117.849,111.126,101.932,94.141,87.348,78.216,63.448,42.376,17.748,-5.437,-22.149,-29.487,-27.943,-21.402,-15.877,-17.407,-29.894,-53.747,-85.839,-120.630,-151.816,-173.821,-182.890,-177.846,-160.611,-136.184,-111.622,-93.862,-86.972,-90.050,-97.010,-98.746,-87.020,-58.451,-16.674,28.598,65.478,85.064,85.289,71.382,52.630,37.296,28.675,24.542,19.993,11.488,-0.710,-13.144,-21.974,-25.783,-26.398,-27.408,-31.635,-39.279,-47.781,-53.179,-52.021,-42.865,-26.887,-7.584,10.228,21.868,24.350,17.579,4.669,-8.911,-17.177,-15.754,-3.350,18.026,44.023,69.417,89.419,100.561,101.303,92.442,77.126,60.076,45.984,37.623,34.638,33.779,30.671,22.262,8.653,-6.802,-19.247,-24.997,-23.542,-17.716,-11.914,-9.452,-10.696,-13.167,-13.609,-10.623,-5.788,-1.941,-0.298,
45,3,20,512,0,1662562179,1,CBAF062122C_16k,,,,,60.000000,16000.000000,90.000000,90.000000,5.000000,2.000000,0.000000,0.000000,0.000000,0.000000,,-1.000,0.000,-1.000,0.000,-1.000,0.000,-1.000,0.000,-1.000,0.000,-1.000,0.000,-1.000,0.000,-1.000,0.000,-1.000,0.000,-1.000,0.000,,40.960,366,0.000,,9.610,19.934,23.330,13.020,-13.673,-52.840,-94.530,-126.337,-138.434,-127.719,-99.248,-64.350,-36.252,-24.986,-33.690,-57.852,-87.756,-112.894,-126.133,-125.725,-114.592,-97.805,-79.932,-63.548,-49.202,-36.287,-23.992,-11.811,0.373,12.412,24.049,35.182,46.243,58.432,73.339,91.817,112.690,132.431,146.512,151.971,149.524,143.585,139.851,141.931,149.362,158.489,165.686,170.738,178.029,194.674,226.513,274.054,330.244,381.046,408.706,396.745,335.184,224.233,75.051,-92.847,-256.674,-396.170,-498.159,-558.525,-581.228,-574.991,-548.969,-509.097,-456.522,-388.674,-302.316,-196.852,-76.033,52.835,181.389,302.398,409.846,496.730,552.382,561.809,508.609,381.040,179.073,-80.488,-363.490,-623.980,-815.230,-903.118,-876.949,-753.035,-569.050,-371.284,-200.096,-79.380,-13.440,8.994,6.781,-1.683,-3.878,4.915,22.579,42.937,59.320,67.955,70.212,72.857,86.106,120.225,182.158,273.557,390.726,525.956,669.181,809.179,934.312,1033.346,1096.749,1118.206,1095.507,1030.086,925.326,784.649,610.646,405.864,174.678,-75.082,-331.929,-582.078,-811.476,-1007.334,-1158.713,-1256.718,-1295.242,-1272.589,-1193.114,-1067.414,-910.185,-736.381,-557.592,-380.642,-209.019,-45.979,102.862,229.177,324.031,381.113,399.177,382.515,339.467,279.934,212.931,144.833,78.601,14.238,-49.483,-112.515,-171.523,-219.637,-248.432,-251.180,-225.637,-174.927,-106.327,-28.880,48.852,120.096,180.236,226.738,259.081,278.768,289.146,294.704,299.766,306.819,315.112,320.320,315.819,295.414,256.405,201.428,137.914,75.244,20.961,-21.928,-55.091,-82.448,-106.770,-127.445,-140.697,-141.860,-128.018,-99.435,-59.314,-12.600,35.170,78.560,112.687,133.798,139.952,131.464,110.841,82.245,50.718,21.283,-2.074,-17.467,-25.832,-30.810,-37.532,-50.591,-71.914,-99.445,-127.308,-147.726,-154.187,-144.643,-123.127,-98.627,-81.327,-77.834,-87.790,-103.799,-114.961,-112.307,-93.356,-63.390,-32.872,-12.552,-8.904,-21.993,-46.237,-72.995,-93.498,-101.160,-93.105,-71.005,-41.037,-12.539,4.781,4.431,-13.984,-44.087,-74.932,-95.279,-98.053,-82.947,-55.994,-26.438,-2.550,11.533,16.658,17.285,19.084,26.758,42.675,66.268,94.084,120.647,140.248,149.219,147.590,139.018,128.778,120.869,116.087,112.402,107.396,100.964,96.115,97.007,105.434,118.384,128.801,129.474,117.661,97.236,76.691,64.134,62.432,67.528,70.780,63.642,41.909,7.403,-33.204,-71.340,-99.719,-114.651,-116.917,-111.074,-103.399,-99.176,-100.448,-105.269,-108.861,-106.166,-94.628,-75.936,-55.845,-41.948,-40.213,-51.861,-72.163,-91.920,-101.070,-92.807,-66.377,-27.351,14.590,49.220,69.033,70.958,56.231,29.044,-5.048,-40.330,-71.606,-94.655,-106.650,-106.508,-94.979,-74.316,-47.660,-18.360,10.581,36.897,59.279,77.396,91.614,102.453,109.979,113.471,111.579,102.909,86.751,63.568,35.067,3.867,-27.018,-54.610,-76.117,-88.846,-90.188,-78.150,-52.588,-16.618,22.847,56.434,75.467,75.694,59.626,36.002,16.284,9.593,18.483,37.717,56.840,65.442,58.478,38.808,15.418,-1.908,-8.385,-6.508,-2.538,-0.422,
47,4,20,512,0,1662562204,1,CBAF062122C_16k,,,,,50.000000,16000.000000,90.000000,90.000000,5.000000,2.000000,0.000000,0.000000,0.000000,0.000000,,-1.000,0.000,-1.000,0.000,-1.000,0.000,-1.000,0.000,-1.000,0.000,-1.000,0.000,-1.000,0.000,-1.000,0.000,-1.000,0.000,-1.000,0.000,,40.960,366,0.000,,45.702,55.496,52.920,37.240,13.113,-11.152,-27.271,-30.857,-23.529,-12.064,-4.919,-7.871,-21.118,-39.359,-54.677,-60.465,-54.251,-38.116,-16.966,3.964,20.825,31.490,35.012,31.244,21.185,7.676,-4.542,-10.076,-5.156,10.206,31.462,50.781,59.915,53.512,31.491,-0.605,-33.544,-57.977,-68.129,-63.919,-50.497,-35.445,-25.102,-21.860,-23.655,-25.648,-22.975,-12.989,4.112,26.407,52.233,81.616,116.096,156.863,202.233,246.049,278.185,287.237,264.318,206.329,117.351,7.697,-108.818,-218.180,-308.772,-372.550,-404.946,-404.295,-371.629,-311.027,-229.956,-138.710,-48.554,30.921,94.066,140.028,171.892,194.626,212.747,228.577,241.568,248.678,245.431,227.200,190.437,133.859,59.636,-25.696,-111.307,-183.842,-230.908,-245.257,-227.887,-188.385,-141.969,-104.208,-85.695,-89.054,-109.538,-138.569,-168.088,-193.453,-213.672,-229.410,-240.316,-243.404,-233.501,-205.547,-157.480,-91.931,-15.589,63.567,139.640,210.928,279.638,349.478,422.395,496.114,563.614,614.787,639.549,631.077,587.907,514.253,418.675,311.705,203.210,100.156,5.410,-81.985,-165.082,-246.482,-326.150,-400.691,-464.487,-512.057,-540.309,-549.328,-541.146,-517.142,-475.701,-411.838,-319.571,-196.240,-46.674,115.099,267.886,388.613,458.863,470.152,426.053,340.490,232.930,122.201,21.223,-65.401,-140.082,-208.122,-273.019,-333.659,-384.569,-418.561,-429.889,-416.152,-378.342,-319.657,-244.204,-156.371,-60.878,36.999,131.519,217.029,288.737,343.294,378.888,394.912,391.627,370.380,334.402,289.498,243.512,204.054,175.278,155.552,137.727,112.349,72.395,17.136,-46.880,-108.256,-155.347,-180.750,-183.555,-168.479,-142.692,-112.310,-80.494,-47.959,-15.072,16.193,41.964,58.086,62.562,57.188,47.266,39.467,39.007,47.538,62.669,79.093,90.585,91.980,80.570,56.709,23.685,-13.072,-47.323,-73.603,-88.612,-91.944,-85.921,-74.709,-63.195,-56.037,-56.980,-68.198,-89.529,-117.853,-147.247,-170.347,-180.716,-175.282,-155.636,-127.415,-97.871,-72.714,-53.780,-38.731,-22.916,-2.249,24.513,55.228,85.487,110.383,125.799,128.880,118.121,93.753,58.504,18.133,-19.168,-44.830,-52.798,-41.953,-16.764,14.287,41.889,59.295,64.377,59.477,49.342,38.449,29.251,22.148,16.765,13.309,12.899,16.653,24.356,33.832,41.553,44.014,38.912,25.570,4.830,-20.859,-46.963,-66.622,-71.779,-56.106,-18.765,33.219,85.997,123.662,134.744,117.159,78.985,34.710,-1.059,-19.262,-18.883,-5.621,12.052,27.100,36.370,40.460,41.704,41.778,40.396,35.691,25.854,10.918,-6.494,-22.069,-32.011,-35.334,-34.850,-36.059,-44.417,-62.397,-87.941,-115.131,-136.672,-146.889,-143.771,-129.317,-108.329,-86.493,-68.619,-57.540,-53.723,-55.388,-58.983,-59.979,-54.030,-38.362,-13.064,18.351,49.650,73.988,86.721,87.648,81.364,75.250,75.838,85.383,100.522,113.833,117.415,106.546,81.605,47.655,12.343,-16.712,-34.090,-37.846,-29.827,-15.021,-0.039,9.036,8.844,0.118,-12.587,-22.984,-26.104,-20.735,-9.841,1.285,8.026,8.782,5.321,1.092,-1.254,-1.369,-0.599,-0.106,
49,5,20,512,0,1662562229,1,CBAF062122C_16k,,,,,40.000000,16000.000000,90.000000,90.000000,5.000000,2.000000,0.000000,0.000000,0.000000,0.000000,,-1.000,0.000,-1.000,0.000,-1.000,0.000,-1.000,0.000,-1.000,0.000,-1.000,0.000,-1.000,0.000,-1.000,0.000,-1.000,0.000,-1.000,0.000,,40.960,366,0.000,,-11.116,-21.470,-36.135,-53.856,-71.385,-84.022,-87.321,-79.323,-62.074,-41.378,-24.554,-17.109,-19.987,-28.848,-35.890,-33.414,-17.515,9.825,41.219,66.874,78.883,74.980,59.884,43.314,35.263,40.643,56.062,70.729,71.490,49.729,6.589,-46.443,-92.158,-115.208,-108.743,-76.814,-31.669,12.246,44.330,61.076,65.551,64.126,62.655,64.059,68.055,72.429,74.685,73.213,67.748,59.268,49.509,40.242,32.668,27.314,24.587,25.540,32.043,45.743,66.002,87.959,102.252,97.391,64.341,1.388,-83.337,-173.411,-249.522,-296.390,-307.997,-288.745,-250.220,-205.410,-163.238,-125.856,-89.518,-48.212,1.876,59.057,115.462,159.388,179.874,171.624,138.014,90.575,44.920,14.849,7.274,20.195,44.380,67.643,79.579,74.798,53.840,22.060,-12.658,-42.525,-62.204,-70.334,-69.725,-66.036,-65.368,-71.736,-85.484,-103.237,-119.303,-127.938,-125.575,-112.150,-90.874,-66.396,-42.141,-18.234,8.669,43.319,88.587,142.884,199.870,250.764,287.996,308.289,313.642,309.874,303.506,298.387,293.525,283.093,258.703,213.022,143.154,52.289,-51.029,-155.575,-250.848,-329.826,-390.043,-432.710,-460.465,-474.990,-475.776,-460.649,-427.647,-377.008,-311.949,-237.614,-158.771,-77.703,6.243,95.009,188.978,284.725,374.821,449.828,501.268,523.848,515.971,478.821,415.126,328.618,224.326,109.034,-8.884,-120.515,-217.921,-295.392,-349.972,-381.240,-390.761,-381.567,-357.784,-324.164,-285.241,-244.154,-201.591,-155.550,-102.403,-39.119,34.267,113.224,189.341,252.949,296.509,316.891,315.254,294.722,257.611,204.354,135.133,53.223,-32.480,-108.132,-159.340,-177.333,-163.514,-129.579,-92.716,-68.089,-62.276,-70.908,-81.594,-80.522,-59.347,-18.971,31.401,78.964,113.019,128.750,127.684,115.480,98.865,83.369,72.350,66.927,66.268,68.145,69.900,69.716,67.582,65.181,64.494,65.899,67.125,64.030,52.885,32.729,6.253,-21.312,-44.564,-60.083,-67.265,-67.618,-63.299,-55.948,-46.526,-36.015,-26.226,-19.917,-19.953,-27.975,-43.433,-63.564,-84.315,-101.635,-112.567,-115.852,-112.114,-103.676,-93.980,-86.625,-84.282,-87.952,-96.854,-108.903,-121.442,-131.855,-137.936,-138.035,-131.047,-116.360,-93.867,-64.193,-29.047,8.623,45.044,76.618,101.087,118.225,129.683,138.111,145.992,154.657,163.746,171.225,174.001,169.149,155.513,135.028,112.893,96.047,90.235,96.986,112.204,127.532,134.138,127.069,107.721,82.926,61.076,47.440,41.303,36.462,24.730,0.472,-36.197,-79.073,-118.326,-144.395,-151.543,-139.741,-114.486,-84.886,-60.746,-49.521,-53.973,-71.301,-94.150,-113.247,-120.756,-113.018,-91.630,-62.517,-33.566,-11.907,-1.867,-4.208,-16.577,-34.702,-53.698,-69.084,-77.444,-76.873,-67.276,-50.378,-29.258,-7.420,12.269,28.267,40.432,49.566,56.842,63.403,70.141,77.426,84.705,90.266,91.568,86.286,73.644,55.271,34.991,17.537,6.726,3.896,7.308,12.852,15.875,13.358,5.418,-4.719,-12.327,-13.646,-7.961,1.774,10.158,11.869,4.321,-10.893,-28.551,-42.164,-46.995,-42.181,-30.815,-18.000,-8.048,-2.547,-0.495,-0.043,
51,6,20,512,0,1662562254,1,CBAF062122C_16k,,,,,30.000000,16000.000000,90.000000,90.000000,5.000000,2.000000,0.000000,0.000000,0.000000,0.000000,,-1.000,0.000,-1.000,0.000,-1.000,0.000,-1.000,0.000,-1.000,0.000,-1.000,0.000,-1.000,0.000,-1.000,0.000,-1.000,0.000,-1.000,0.000,,40.960,366,0.000,,-63.982,-68.057,-56.967,-35.034,-11.233,5.499,10.848,7.071,1.364,1.649,12.134,31.048,51.696,66.141,69.430,62.077,49.528,39.031,35.707,39.935,47.280,50.760,44.117,24.560,-5.955,-41.106,-71.974,-89.732,-88.652,-68.472,-35.080,1.180,29.197,41.261,35.763,17.170,-6.576,-27.753,-41.810,-48.330,-49.977,-50.324,-51.737,-54.198,-55.302,-51.298,-38.713,-16.040,15.088,49.722,80.634,100.445,104.228,91.644,67.574,40.718,20.576,14.161,23.951,47.794,80.349,114.888,144.574,163.077,165.085,147.199,109.156,54.707,-8.656,-71.404,-124.585,-162.228,-182.532,-187.457,-181.190,-168.365,-152.762,-136.711,-120.990,-104.988,-87.132,-65.756,-40.386,-12.897,12.291,29.550,34.560,26.733,10.071,-8.200,-20.605,-22.451,-13.440,2.743,20.472,34.757,43.235,46.746,48.348,51.327,57.255,65.122,71.903,74.138,69.576,58.019,41.130,21.476,1.386,-17.880,-36.376,-55.012,-74.511,-94.211,-111.365,-121.512,-119.943,-103.624,-72.623,-30.286,17.894,66.116,109.901,146.812,176.145,198.028,212.583,219.628,218.941,210.745,195.981,176.152,152.816,126.983,98.705,67.081,30.795,-10.918,-57.316,-105.796,-152.448,-193.320,-225.711,-248.860,-263.726,-272.089,-275.448,-274.342,-268.409,-257.054,-240.143,-218.065,-190.993,-157.885,-116.109,-62.325,5.573,86.382,174.470,260.291,332.524,381.215,400.823,391.884,360.323,314.405,260.728,201.501,134.908,58.495,-26.543,-113.106,-189.757,-245.447,-274.641,-279.673,-268.849,-251.398,-232.350,-210.412,-179.968,-135.803,-77.586,-11.552,51.413,100.025,126.975,131.432,118.810,98.152,78.362,64.835,57.810,53.078,44.671,28.270,3.649,-25.047,-51.274,-69.140,-75.820,-72.103,-61.056,-45.921,-28.589,-9.450,11.550,33.554,54.179,70.231,79.400,81.853,80.544,79.849,83.218,91.226,101.158,108.329,108.421,99.626,83.585,64.676,47.984,36.947,31.892,30.259,28.385,23.718,16.071,7.110,-1.470,-9.678,-19.420,-32.812,-49.721,-66.512,-77.380,-77.905,-68.571,-55.606,-48.030,-52.409,-68.615,-89.458,-104.629,-106.565,-94.703,-75.681,-59.608,-54.722,-63.364,-81.168,-99.462,-109.373,-105.579,-88.151,-62.008,-34.493,-12.246,1.306,6.912,8.653,11.808,20.389,35.369,54.224,71.865,82.569,82.169,69.745,48.124,22.887,0.199,-15.538,-23.000,-23.546,-19.548,-12.675,-3.324,8.616,22.490,36.285,47.274,53.422,54.529,52.308,49.483,48.636,51.525,58.969,70.852,85.841,101.011,112.007,114.265,105.074,85.410,60.267,36.850,21.352,16.062,18.574,23.546,25.846,23.065,15.963,6.985,-1.719,-9.276,-15.663,-20.818,-24.523,-27.369,-31.769,-41.582,-59.938,-86.526,-116.399,-141.562,-154.702,-152.932,-139.279,-121.048,-106.026,-98.635,-98.016,-98.901,-94.619,-80.607,-56.669,-27.000,1.833,23.778,35.630,37.854,33.889,28.616,26.818,32.016,45.621,66.303,89.829,109.871,120.030,116.460,99.856,75.575,51.604,35.219,29.916,34.049,41.768,45.773,40.596,24.903,1.856,-22.474,-41.724,-51.603,-51.105,-42.329,-29.303,-16.417,-6.934,-1.928,-0.259,
53,7,20,512,0,1662562278,1,CBAF062122C_16k,,,,,20.000000,16000.000000,90.000000,90.000000,5.000000,2.000000,0.000000,0.000000,0.000000,0.000000,,-1.000,0.000,-1.000,0.000,-1.000,0.000,-1.000,0.000,-1.000,0.000,-1.000,0.000,-1.000,0.000,-1.000,0.000,-1.000,0.000,-1.000,0.000,,40.960,366,0.000,,2.253,-3.596,-7.442,-5.138,5.389,22.349,40.184,51.614,50.714,35.657,9.956,-18.421,-39.952,-47.418,-38.998,-18.998,4.341,22.841,32.026,32.433,28.120,23.621,21.332,20.794,19.951,17.232,12.941,9.035,7.524,8.715,10.631,10.129,5.022,-4.255,-14.647,-22.239,-24.609,-22.173,-17.588,-13.643,-11.147,-8.349,-2.317,8.642,23.245,37.436,46.565,48.208,43.826,38.055,35.944,39.801,47.650,54.328,54.543,45.908,30.025,11.026,-7.255,-23.440,-38.670,-54.770,-72.013,-88.137,-99.245,-101.976,-95.633,-83.088,-69.963,-62.426,-64.498,-76.000,-92.091,-104.762,-105.866,-90.531,-59.448,-18.876,21.800,53.932,73.050,80.271,81.096,82.405,89.317,103.407,122.819,143.743,162.203,175.261,181.254,179.278,168.459,147.624,115.758,73.097,22.244,-31.455,-80.700,-118.007,-137.907,-138.866,-124.305,-102.191,-82.992,-76.315,-87.350,-114.585,-150.017,-182.015,-199.792,-197.617,-176.924,-145.377,-113.342,-89.439,-77.297,-74.962,-76.910,-77.264,-72.351,-61.442,-45.790,-27.012,-5.974,17.387,43.604,73.207,106.530,143.565,183.521,224.152,261.529,290.933,308.784,314.525,311.061,303.146,294.564,285.873,274.169,255.033,225.396,185.533,138.972,90.483,43.488,-1.447,-46.135,-92.704,-141.393,-189.676,-233.270,-268.283,-293.052,-308.487,-316.806,-319.554,-316.338,-305.246,-284.790,-256.045,-223.293,-192.313,-167.073,-146.808,-125.550,-94.898,-48.832,12.001,79.095,138.896,178.337,190.276,176.210,145.124,109.290,79.060,58.980,46.833,35.937,19.500,-5.217,-35.151,-62.974,-80.913,-84.609,-74.916,-56.869,-36.677,-18.516,-2.812,13.277,33.677,60.800,93.868,128.865,159.945,181.556,190.349,186.190,171.906,151.853,129.865,107.593,84.180,57.573,26.642,-7.265,-40.437,-68.496,-88.567,-100.515,-106.560,-109.594,-111.342,-111.491,-108.173,-99.334,-84.040,-63.028,-38.418,-12.995,10.427,29.413,42.203,48.135,48.097,44.648,41.461,42.181,49.150,62.490,79.753,96.116,105.202,100.708,78.780,40.356,-7.889,-55.058,-89.795,-104.651,-98.787,-77.613,-49.654,-22.482,0.028,17.825,32.494,44.440,51.400,49.327,35.139,9.510,-22.265,-52.194,-73.319,-83.005,-83.732,-80.980,-79.707,-81.723,-85.438,-87.748,-86.444,-81.481,-74.464,-67.020,-59.301,-49.667,-35.802,-16.660,5.876,26.812,39.817,40.339,28.376,9.211,-8.573,-16.905,-11.907,4.374,24.978,41.215,46.589,39.747,25.184,11.283,6.432,14.941,34.758,58.262,75.874,80.790,72.503,57.342,45.632,46.662,63.815,92.346,121.178,138.057,135.499,114.403,83.357,54.008,34.959,27.500,25.471,19.313,2.037,-26.338,-58.426,-83.406,-92.936,-85.701,-68.132,-51.045,-44.157,-51.390,-69.324,-89.413,-102.608,-103.837,-94.033,-78.909,-65.477,-58.407,-58.061,-60.859,-61.355,-54.738,-38.640,-13.748,16.604,47.409,73.107,88.650,90.528,77.716,52.382,19.964,-11.767,-34.722,-43.033,-35.034,-13.699,14.719,43.079,65.520,78.526,80.859,73.008,56.761,34.988,11.378,-10.113,-26.023,-34.116,-33.941,-27.108,-17.055,-7.896,-2.354,-0.333,
55,8,20,512,0,1662562303,1,CBAF062122C_16k,,,,,10.000000,16000.000000,90.000000,90.000000,5.000000,2.000000,0.000000,0.000000,0.000000,0.000000,,-1.000,0.000,-1.000,0.000,-1.000,0.000,-1.000,0.000,-1.000,0.000,-1.000,0.000,-1.000,0.000,-1.000,0.000,-1.000,0.000,-1.000,0.000,,40.960,366,0.000,,-21.018,-21.933,-19.911,-17.702,-18.847,-25.897,-39.169,-56.626,-74.814,-90.197,-100.130,-103.088,-98.442,-86.324,-67.881,-45.615,-23.277,-5.033,5.805,7.884,2.189,-8.383,-19.976,-28.836,-32.235,-29.209,-21.037,-11.190,-4.315,-4.176,-11.308,-21.787,-28.400,-24.113,-6.148,21.856,51.159,72.250,79.722,74.835,64.264,55.932,54.581,59.741,67.047,71.657,71.310,67.143,62.148,58.724,57.198,56.150,54.007,50.483,46.736,44.169,42.841,40.750,34.659,22.001,2.685,-20.370,-42.307,-58.391,-65.973,-65.397,-59.508,-52.103,-46.172,-42.785,-41.068,-39.080,-34.996,-27.983,-18.455,-7.806,2.090,9.329,12.245,9.582,0.762,-13.721,-31.939,-50.579,-65.633,-73.628,-72.966,-64.758,-52.733,-42.070,-37.467,-41.118,-51.456,-63.393,-70.187,-66.277,-49.841,-23.778,5.502,30.944,47.906,55.793,57.531,57.398,58.666,62.342,67.448,72.205,75.087,75.116,71.601,63.950,51.981,36.458,19.274,2.937,-10.353,-19.485,-24.692,-27.293,-29.110,-31.673,-35.410,-39.181,-40.603,-37.283,-28.352,-15.298,-1.412,9.838,16.353,17.790,14.692,7.395,-4.062,-18.632,-32.576,-39.121,-30.659,-2.927,41.061,90.078,128.109,141.025,123.290,81.143,30.434,-9.960,-25.977,-13.828,19.209,58.634,89.137,100.649,91.563,68.060,40.190,16.744,1.369,-8.290,-18.211,-33.806,-56.295,-81.674,-102.826,-113.488,-111.729,-100.995,-88.347,-81.121,-83.909,-97.102,-117.154,-137.877,-152.114,-153.480,-138.151,-106.449,-63.524,-18.376,18.964,41.159,46.498,39.470,28.538,22.201,25.387,37.978,55.980,74.290,89.197,99.245,104.401,104.657,99.386,87.961,71.043,51.392,33.351,21.059,16.364,17.708,20.809,20.888,15.196,4.299,-8.618,-19.897,-27.493,-31.662,-33.966,-35.500,-35.691,-32.509,-23.937,-9.699,7.895,24.569,35.861,39.062,34.329,24.437,13.390,4.602,-0.462,-2.554,-3.772,-6.070,-10.017,-14.464,-17.234,-16.403,-11.451,-3.702,4.188,9.440,10.444,7.416,2.121,-3.040,-5.896,-4.885,0.871,11.333,24.977,38.402,46.849,45.891,33.617,12.001,-13.498,-36.083,-50.355,-54.197,-49.014,-38.576,-27.403,-19.471,-17.471,-22.357,-32.995,-46.100,-56.871,-60.542,-54.452,-39.607,-20.674,-4.016,5.417,6.701,3.442,1.690,6.339,18.059,32.650,43.285,44.422,35.119,19.849,6.355,1.689,8.525,23.693,39.711,48.599,46.007,33.420,17.230,5.195,2.311,8.379,18.425,25.427,23.716,11.405,-8.979,-31.605,-49.664,-58.078,-55.617,-45.427,-33.476,-25.497,-23.950,-26.761,-28.621,-24.098,-10.716,9.704,31.938,49.678,57.931,54.562,40.786,20.819,0.790,-13.077,-16.734,-10.163,2.266,13.469,16.773,9.020,-7.922,-27.992,-43.657,-49.151,-42.744,-27.092,-7.720,9.488,20.591,24.706,23.634,20.445,17.862,17.290,18.779,21.647,25.162,28.837,32.234,34.565,34.523,30.641,22.121,9.633,-4.532,-17.296,-26.271,-30.980,-32.978,-34.680,-37.638,-41.431,-43.927,-42.751,-36.914,-27.500,-17.047,-8.174,-2.419,0.154,0.603,0.292,0.053,
